unit,category,label,score,object-label,object-truth,object-activation,object-intersect,object-iou,color-label,color-truth,color-activation,color-intersect,color-iou,material-label,material-truth,material-activation,material-intersect,material-iou,scene-label,scene-truth,scene-activation,scene-intersect,scene-iou,texture-label,texture-truth,texture-activation,texture-intersect,texture-iou,part-label,part-truth,part-activation,part-intersect,part-iou
198,part,wheel,0.21899864690447707,bicycle,1169902,2106473.0,301836,0.10147320307449323,black-c,142117568,3246821.0,921878,0.0063823177374699612,metal,3525611,785394.0,11716,0.0027251017551971966,park-s,1200286,721458.0,13425,0.0070349873370227937,paisley,1583356,364180.0,69210,0.036846638975342939,wheel,1540612,1584597.0,561458,0.21899864690447707
245,texture,dotted,0.21477146202320962,ball,124778,870721.0,30146,0.031227954955337582,red-c,21346526,3122173.0,462990,0.019286662185232686,food,1124215,973185.0,51832,0.025338683436580939,ball_pit-s,280918,353779.0,30380,0.050271628962944945,dotted,2987946,1245241.0,748427,0.21477146202320962,wheel,1540612,631128.0,19668,0.009139099435334877
105,texture,banded,0.14601807837906261,stairway,503591,540859.0,40628,0.040473311005337596,pink-c,18799488,3186184.0,155554,0.0071256600628544471,plastic-opaque,588126,399664.0,7458,0.0076076268039806921,staircase-s,881061,256373.0,24209,0.021746726852163757,banded,2617645,1995111.0,587727,0.14601807837906261,crosswalk,246024,313625.0,8608,0.015621342150584076
91,texture,studded,0.14400363714482209,ceiling,12335942,1388756.0,449414,0.033853437711765716,yellow-c,34739742,3383274.0,197904,0.0052182838642638686,glass,2286730,1119539.0,15251,0.0044974694914624459,casino-indoor-s,663988,878919.0,18178,0.011922118619111986,studded,1621663,758726.0,299636,0.14400363714482209,screen,689450,745675.0,8079,0.0056613451843878894
31,object,water,0.14163399040986985,water,5727011,2738108.0,1050204,0.14163399040986985,blue-c,62464739,3476800.0,753335,0.01155630856159191,tile,4040367,594214.0,45990,0.010022684523419062,river-s,638450,1112157.0,45742,0.026830276884093462,stratified,1596125,176966.0,15190,0.0086409871773211345,crosswalk,246024,1211058.0,2302,0.0015823698428628385
154,texture,cobwebbed,0.13232829729964402,bicycle,1169902,1366318.0,97838,0.040124147898073392,white-c,73689572,3494179.0,441433,0.0057521457717761406,tile,4040367,773255.0,41324,0.0086591407326197991,greenhouse-indoor-s,370301,612193.0,19175,0.019905140457107149,cobwebbed,1532280,1075925.0,304805,0.13232829729964402,wheel,1540612,777596.0,94157,0.042335809745370045
96,object,road,0.12574244582737637,road,13092677,2910711.0,1787536,0.12574244582737637,grey-c,161925849,3606324.0,2101548,0.012858960797586132,metal,3525611,521455.0,19043,0.0047276294102590773,street-s,28615329,2046886.0,1202138,0.040805663882005468,lined,1596125,53716.0,7898,0.0048101547983090765,crosswalk,246024,1951421.0,37736,0.017472724334621006
20,texture,waffled,0.12277172208281054,dog,3854036,1080919.0,78097,0.016079737146937383,orange-c,30864899,3142358.0,491782,0.014673281521446436,food,1124215,798283.0,68950,0.037198928757172733,ball_pit-s,280918,433341.0,11961,0.017031231756319966,waffled,1583356,1280161.0,313117,0.12277172208281054,head,5034747,700527.0,77838,0.013758529482260161
179,texture,honeycombed,0.12265002734778636,book,624354,292657.0,19259,0.02145247239772231,red-c,21346526,3276607.0,149214,0.0060968576385334932,food,1124215,156838.0,3675,0.0028769870782180372,bookstore-s,408608,211260.0,12857,0.021180835273166384,honeycombed,1583356,2807033.0,479652,0.12265002734778636,balcony,323043,139304.0,4033,0.0087996439122522991
223,object,cat,0.12152719940227674,cat,4228548,2026392.0,677777,0.12152719940227674,black-c,142117568,2780214.0,672016,0.0046594725660878099,fur,105154,950539.0,11686,0.011193411538428382,hayfield-s,204304,206159.0,1571,0.0038420903319213873,freckled,1583356,87849.0,9728,0.0058550313967632413,head,5034747,1870544.0,699353,0.11269094212671799
13,texture,perforated,0.11247798825171039,person,14745720,564496.0,159520,0.01052888923386754,pink-c,18799488,3036811.0,230312,0.010659637997560584,skin,180884,265354.0,3536,0.0079873142655781989,bank-outdoor-s,165997,190424.0,2622,0.0074109875946512006,perforated,1825967,2185029.0,405535,0.11247798825171039,head,5034747,403404.0,85703,0.01601192575808303
59,texture,cobwebbed,0.11124999877930761,grass,13100838,2396143.0,838596,0.057209303753448966,green-c,64303167,3799563.0,1575757,0.023685986735034525,food,1124215,508357.0,9112,0.0056127037315363481,highway-s,4149925,1186778.0,103715,0.019819460698170911,cobwebbed,1532280,743580.0,227842,0.11124999877930761,drawer,550426,1135053.0,5483,0.0032636982469005879
48,texture,chequered,0.11107859964805691,skyscraper,1293433,743367.0,55567,0.028046675984096773,green-c,64303167,3327144.0,396299,0.0058943232481798048,carpet,4490516,306338.0,26481,0.005551138244325968,skyscraper-s,4481919,376630.0,73360,0.015330637933005363,chequered,1557818,2239402.0,379622,0.11107859964805691,roof,451342,407142.0,3276,0.0038306470472680332
137,part,wheel,0.10241088121446659,bicycle,1169902,1104101.0,114851,0.053192642296605336,yellow-c,34739742,2902893.0,247383,0.0066153585487269883,food,1124215,915824.0,74584,0.037947447283199057,wine_cellar-barrel_storage-s,268149,365175.0,5681,0.0090513237620749379,swirly,1634432,862151.0,128419,0.054227241018780792,wheel,1540612,821526.0,219436,0.10241088121446659
161,object,dog,0.10113607654808557,dog,3854036,1977715.0,535629,0.10113607654808557,white-c,73689572,3074340.0,341126,0.0044636687283292707,fur,105154,987264.0,6414,0.0059060555946386937,archaelogical_excavation-s,127690,451346.0,2560,0.0044407746376258512,freckled,1583356,262267.0,19977,0.010942428050125819,muzzle,678509,1610938.0,174543,0.082529987176722913
197,part,head,0.098104940756660708,person,14745720,1561261.0,685728,0.043897118880284441,pink-c,18799488,2772875.0,301167,0.0141584422427399,skin,180884,1194821.0,9612,0.0070361241877383166,house-s,702295,396449.0,9179,0.008424462973755582,freckled,1583356,99864.0,37859,0.023009540155625421,head,5034747,1394384.0,574380,0.098104940756660708
10,object,grass,0.092868789224692508,grass,13100838,2860291.0,1356330,0.092868789224692508,green-c,64303167,3513345.0,2014006,0.030606828256662444,food,1124215,578367.0,16271,0.0096488725982336598,park-s,1200286,1411699.0,54638,0.021365110014401643,veined,1838736,143879.0,15537,0.0078985174965100526,body,1312994,1513045.0,10324,0.0036665642652043973
184,object,dog,0.092139054653054844,dog,3854036,1508097.0,452380,0.092139054653054844,black-c,142117568,2585699.0,643430,0.0044664079413056675,fur,105154,1025028.0,10288,0.0091865837302458984,shopfront-s,204304,373504.0,2782,0.0048380421059221667,freckled,1583356,151700.0,19801,0.011544056131595594,muzzle,678509,1260343.0,158539,0.089051194930329661
149,texture,zigzagged,0.087920690652051992,skyscraper,1293433,1062333.0,30361,0.01305622031431084,red-c,21346526,2710608.0,105913,0.0044220292568800564,glass,2286730,1272396.0,22422,0.0063398011255677601,skyscraper-s,4481919,664017.0,49982,0.0098081733076868429,zigzagged,1647201,298370.0,157232,0.087920690652051992,screen,689450,612681.0,8570,0.006625122433344852
196,part,wheel,0.08789554096113783,motorbike,1463055,1410832.0,115668,0.041935756370324477,black-c,142117568,3021666.0,984959,0.0068326728430356991,metal,3525611,987708.0,33436,0.0074635877767343477,laundromat-s,370301,471102.0,26173,0.032105050108558318,dotted,2987946,560976.0,208395,0.062383869371509346,wheel,1540612,1123184.0,215219,0.08789554096113783
230,texture,grid,0.086631688665449805,book,624354,1768609.0,77213,0.033342545611572925,white-c,73689572,2746342.0,328687,0.0043187357226929313,glass,2286730,699993.0,14610,0.0049156946589850384,bookstore-s,408608,1104158.0,29812,0.020103118505361596,grid,1712438,269375.0,158000,0.086631688665449805,balcony,323043,1104356.0,21742,0.015467500250772415
160,part,ear,0.084994797970146724,cat,4228548,1496506.0,292337,0.053810459849095764,black-c,142117568,2828233.0,711451,0.0049326044732062781,fabric,8700788,994158.0,36368,0.0037653575919767901,cockpit-s,549067,402008.0,4080,0.0043083648804903936,striped,2477186,413348.0,68727,0.024355669966089104,ear,797925,1194975.0,156117,0.084994797970146724
237,texture,perforated,0.083513299813785913,bird,1046893,1154582.0,49704,0.02309911231260204,red-c,21346526,3007010.0,130396,0.0053831171351030457,food,1124215,785075.0,31400,0.01672089419508065,hotel_room-s,2247344,572370.0,20501,0.0073238442376482244,perforated,1825967,1029823.0,220114,0.083513299813785913,torso,7789829,715021.0,100851,0.012000358400804189
87,scene,mountain_snowy-s,0.08287961932125637,mountain,5559015,1804852.0,311472,0.044165421817694554,blue-c,62464739,3007327.0,1122275,0.017440227583645142,fabric,8700788,310333.0,25705,0.0028607467923577497,mountain_snowy-s,1825967,997699.0,216113,0.08287961932125637,chequered,1557818,923673.0,138571,0.059144571731002342,muzzle,678509,729503.0,15141,0.010870353392381635
190,part,muzzle,0.080772290557493423,dog,3854036,1317992.0,271348,0.055369458932229811,white-c,73689572,2842137.0,392290,0.0051522589107227098,food,1124215,1089310.0,15435,0.0070220054683839154,laundromat-s,370301,331037.0,4960,0.00712256849010164,dotted,2987946,478506.0,185935,0.056678566213801053,muzzle,678509,1087581.0,131990,0.080772290557493423
57,color,red-c,0.078629494851051626,pool table,443452,1918612.0,90074,0.039645420974564145,red-c,21346526,3338500.0,1799479,0.078629494851051626,fabric,8700788,1380739.0,131540,0.013220117775028248,poolroom-home-s,1340745,1074076.0,62247,0.026459103943170331,banded,2617645,128837.0,31635,0.011652590366970956,arm,2339418,1152354.0,19833,0.0057123699465918033
158,texture,striped,0.078320517593452654,dog,3854036,1204632.0,154689,0.031543569007942328,black-c,142117568,3132237.0,637545,0.0044086511060680471,fabric,8700788,763195.0,97928,0.010455629397862815,cloister-indoor-s,268149,487844.0,23523,0.032114625854983821,striped,2477186,1010150.0,253292,0.078320517593452654,wheel,1540612,806754.0,67354,0.029541072590846013
106,object,grass,0.078195760693973423,grass,13100838,3191790.0,1181617,0.078195760693973423,yellow-c,34739742,3588411.0,664971,0.0176557307345938,food,1124215,404286.0,14454,0.0095465992799430924,pasture-s,868292,1308171.0,61396,0.02902792204691388,porous,1889812,146258.0,13002,0.0064268724531256491,base,73996,1649467.0,4956,0.0028838986399240736
136,object,dog,0.078169027443027436,dog,3854036,1886620.0,416207,0.078169027443027436,brown-c,185306464,2731125.0,779880,0.0041647417570402938,fur,105154,949528.0,7190,0.0068640142359082459,pasture-s,868292,346547.0,10210,0.0084756385575974012,crystalline,1557818,100768.0,9847,0.0059724431823351054,muzzle,678509,1609382.0,151677,0.071002717892495792
242,object,car,0.078008273973735526,car,5435238,1604280.0,509403,0.078008273973735526,red-c,21346526,2325784.0,195434,0.0083245317647884665,fabric,8700788,741635.0,21587,0.002291410231533592,street-s,28615329,699068.0,294574,0.010150785550966317,potholed,1608894,8986.0,2884,0.001785762936874147,wheel,1540612,1306296.0,107711,0.039322107902425421
176,texture,zigzagged,0.074515253000557002,airplane,1310659,1279295.0,40467,0.015872604959350646,red-c,21346526,2366648.0,96297,0.0040774654498137077,fabric,8700788,735328.0,40270,0.004285936572395929,mountain_snowy-s,1825967,491761.0,12166,0.0052768045274861402,zigzagged,1647201,337866.0,137660,0.074515253000557002,ear,797925,912572.0,52985,0.031966586063931962
119,object,tree,0.074357691379793811,tree,21530467,3380899.0,1724148,0.074357691379793811,green-c,64303167,3720311.0,2348791,0.035764022750500508,food,1124215,358029.0,11648,0.0079205981792416138,forest-broadleaf-s,1238593,1718736.0,67606,0.023395321973767036,matted,1621663,53679.0,8529,0.0051169507317257541,pot,428835,1545891.0,1919,0.00097272566449733804
222,part,wheel,0.074332737964850792,bicycle,1169902,1253000.0,97333,0.041853413078691712,pink-c,18799488,3022634.0,104100,0.0047932541923016748,ceramic,691369,1222183.0,23329,0.012341930026245581,bathroom-s,9423522,393083.0,48339,0.004948575315209475,swirly,1634432,464747.0,67910,0.0334323026639997,wheel,1540612,1009725.0,176457,0.074332737964850792
64,texture,chequered,0.072856416261547374,person,14745720,1057078.0,187115,0.011982505023955724,black-c,142117568,2818257.0,1497410,0.010439393101213506,fabric,8700788,1491259.0,70792,0.0069943895297569321,martial_arts_gym-s,191535,425116.0,3118,0.0050820412267962769,chequered,1557818,256232.0,123190,0.072856416261547374,leg,2832633,794911.0,43423,0.012115383381308834
139,object,bicycle,0.070971089783186225,bicycle,1169902,1746333.0,193253,0.070971089783186225,grey-c,161925849,2840878.0,691958,0.0042173333792717392,metal,3525611,828961.0,23603,0.0054498196592956448,amusement_park-s,574605,588279.0,6197,0.0053575427060215943,meshed,1787660,210576.0,31045,0.015781385742411388,wheel,1540612,1224742.0,180171,0.06969371220528682
77,object,sea,0.070648312896813198,sea,2313335,2510729.0,318323,0.070648312896813198,blue-c,62464739,3135802.0,1385316,0.021573014810739977,food,1124215,514352.0,58619,0.037101853985067865,beach-s,1008751,1056293.0,110041,0.056286870148025352,waffled,1583356,171324.0,50109,0.02939683943936627,clouds,118939,1032212.0,4652,0.004057570045852635
210,object,painting,0.070444940544493587,painting,2243633,1231255.0,228679,0.070444940544493587,black-c,142117568,2368406.0,479231,0.003327837224955501,glass,2286730,1117586.0,101147,0.030621200429042535,building_facade-s,3205019,874876.0,39204,0.0097023009183330282,interlaced,1659970,3353.0,1297,0.00078037287021984008,screen,689450,851109.0,23838,0.01571679959597052
248,object,cat,0.069938579527488276,cat,4228548,1818074.0,395249,0.069938579527488276,orange-c,30864899,2854849.0,151668,0.0045182208812657738,fabric,8700788,851906.0,55371,0.0058301691960987324,oasis-s,140459,447331.0,4244,0.007272777124682544,braided,1596125,315053.0,37879,0.020220477350385603,head,5034747,1440219.0,293388,0.047461667554789408
61,texture,zigzagged,0.066920105200740182,labyrinth,52847,632307.0,8221,0.012144481063857132,yellow-c,34739742,2776523.0,275719,0.0074037314060862586,food,1124215,380972.0,9786,0.0065440641005322315,labyrinth-indoor-s,140459,396053.0,9120,0.017292640009708149,zigzagged,1647201,1692276.0,209461,0.066920105200740182,crosswalk,246024,378314.0,7581,0.012291712943671495
130,texture,polka-dotted,0.065180401062039595,cat,4228548,1140510.0,130570,0.024925131068354076,pink-c,18799488,2956677.0,108575,0.0050155698625112544,ceramic,691369,1045954.0,12978,0.0075263360870359468,utility_room-s,421377,438671.0,10129,0.011917606266008879,polka-dotted,1736584,647245.0,145871,0.065180401062039595,eye,112577,891760.0,38208,0.039547513841319326
164,object,dog,0.062894912638898043,dog,3854036,1794347.0,334233,0.062894912638898043,white-c,73689572,2973165.0,610805,0.0080314198987081614,fur,105154,1186402.0,5761,0.0044804965021640305,waterfall-cascade-s,140459,468714.0,4839,0.0080071616026899037,waffled,1583356,166660.0,31411,0.018277032826042053,muzzle,678509,1432070.0,90818,0.044964726024514783
239,part,wheel,0.062879435090610794,car,5435238,1981702.0,306496,0.043105043791920733,black-c,142117568,2537128.0,752796,0.0052313138325484239,fur,105154,598879.0,2971,0.0042378562808995492,auto_showroom-s,306456,593662.0,7449,0.0083446383821998964,matted,1621663,114996.0,10177,0.0058946458752538395,wheel,1540612,1692866.0,191291,0.062879435090610794
97,texture,chequered,0.062450776239204538,dog,3854036,1370751.0,56529,0.010937727953983721,white-c,73689572,2819928.0,568044,0.0074800251393652498,tile,4040367,639650.0,13387,0.0028686653966566878,building_facade-s,3205019,645412.0,40392,0.01060146628420339,chequered,1557818,723352.0,134087,0.062450776239204538,wheel,1540612,982212.0,35414,0.014237299037955143
43,texture,meshed,0.062304352544875187,bicycle,1169902,1192644.0,43637,0.018817901004308493,white-c,73689572,3233502.0,737900,0.0096856115338136532,glass,2286730,1033851.0,28052,0.00851989458559059,archive-s,344763,746319.0,17987,0.016761796485865649,meshed,1787660,825716.0,153275,0.062304352544875187,wheel,1540612,765051.0,37136,0.016370093897934652
44,texture,sprinkled,0.060714913288547057,tree,21530467,1733299.0,438799,0.019224518484517415,orange-c,30864899,3835528.0,334037,0.0097198745634906655,food,1124215,754335.0,74581,0.041342728173266834,forest-broadleaf-s,1238593,768857.0,54895,0.028114444919605339,sprinkled,1749353,1389557.0,179670,0.060714913288547057,pot,428835,816822.0,6678,0.0053899218630824247
141,part,hair,0.060102955984409748,dog,3854036,1543555.0,220280,0.042547183277187713,black-c,142117568,2656193.0,829959,0.0057658543714164227,fur,105154,956137.0,6444,0.0061089428135075513,art_school-s,178766,405672.0,3165,0.0054449458344013914,matted,1621663,246473.0,35955,0.019624152853893802,hair,1180293,1237981.0,137105,0.060102955984409748
33,texture,veined,0.05907613346315007,grass,13100838,2206716.0,410975,0.02758854902189288,green-c,64303167,3898314.0,2668456,0.040719255672998458,fabric,8700788,1189258.0,66838,0.0068040908835484293,poolroom-home-s,1340745,1009900.0,27342,0.011768589805117972,veined,1838736,460800.0,128270,0.05907613346315007,body,1312994,1268860.0,21945,0.0085725703530867697
204,part,hair,0.059051029822084301,dog,3854036,1546551.0,185059,0.035482313583591156,black-c,142117568,2872109.0,1765155,0.012324390930765334,fur,105154,1330817.0,8441,0.0059130105847162578,cockpit-s,549067,454686.0,6570,0.006588559973445195,dotted,2987946,66220.0,10888,0.0035777211283359589,hair,1180293,1269417.0,136592,0.059051029822084301
54,texture,frilly,0.057498238195912613,flower,600618,1332684.0,38701,0.020426992279640937,purple-c,11026903,3474944.0,684606,0.049547228712302258,fabric,8700788,960137.0,135434,0.014218059730464288,field-cultivated-s,651219,574407.0,26348,0.021969885214270585,frilly,1647201,1203920.0,155021,0.057498238195912613,arm,2339418,821214.0,38626,0.012372173532017555
140,part,hair,0.056916507683756702,person,14745720,1216836.0,758155,0.049864180772396099,pink-c,18799488,2849704.0,260220,0.012166082596208924,skin,180884,1699100.0,5408,0.0028849190430262632,podium-indoor-s,153228,322442.0,6194,0.013193432678134772,dotted,2987946,17422.0,2782,0.00092653466045602029,hair,1180293,1071159.0,121244,0.056916507683756702
155,object,cat,0.056829696491481452,cat,4228548,1266847.0,295508,0.056829696491481452,orange-c,30864899,2346390.0,142772,0.0043174600179379076,food,1124215,933851.0,23968,0.011783109761673233,bakery-shop-s,727833,360960.0,6703,0.0061944939884852465,studded,1621663,261428.0,21457,0.011525896067648098,head,5034747,992537.0,316598,0.055439574159741926
128,texture,porous,0.055898857564443648,ground,7934379,1844175.0,445676,0.047753329680297975,grey-c,161925849,3313044.0,1313207,0.0080109898091260696,carpet,4490516,570044.0,62438,0.012492292104914605,zen_garden-s,127690,646629.0,9298,0.012153914729138154,porous,1889812,943946.0,150018,0.055898857564443648,roof,451342,1272520.0,3905,0.0022704055973492361
177,color,red-c,0.055015025140016112,car,5435238,1660797.0,170561,0.024628061559396511,red-c,21346526,3097997.0,1274689,0.055015025140016112,fabric,8700788,1297304.0,129095,0.01308086323260611,moon_bounce-s,140459,609584.0,11628,0.015747242404339022,smeared,1902581,210333.0,26259,0.012584255662771278,body,1312994,1266509.0,36117,0.014200361250710667
132,part,arm,0.05473947462608833,horse,1249989,1358265.0,84197,0.033357804518677668,pink-c,18799488,2918384.0,254356,0.011850621305474835,skin,180884,1589203.0,32964,0.018976203757592295,cockpit-s,549067,410918.0,8150,0.0085624084006156523,braided,1596125,37888.0,4593,0.0028187944176455426,arm,2339418,1176247.0,182458,0.05473947462608833
32,object,sky,0.054328194558787513,sky,37221416,3680270.0,2107612,0.054328194558787513,blue-c,62464739,3964981.0,1588832,0.02450355090756931,foliage,30889,129521.0,489,0.0030577597688858874,park-s,1200286,2058406.0,67743,0.021229734477110102,studded,1621663,166159.0,34448,0.019646692605228548,cloud,131738,1630868.0,1946,0.0011052673429282202
144,object,dog,0.054187871843965424,dog,3854036,1684899.0,284715,0.054187871843965424,orange-c,30864899,2775808.0,254859,0.0076337434951480043,food,1124215,1108440.0,31265,0.014202390307941801,bakery-shop-s,727833,545877.0,12476,0.0098918995206282098,waffled,1583356,111485.0,11982,0.0071200260984431848,head,5034747,1245401.0,215347,0.035507677828176064
252,part,wheel,0.053842176744760314,car,5435238,1547996.0,221159,0.032705789273263015,black-c,142117568,2550744.0,622279,0.0043200009541394316,metal,3525611,875222.0,18537,0.0042299744243656746,auto_showroom-s,306456,650311.0,5854,0.0061561888416711095,polka-dotted,1736584,75641.0,9415,0.0052224028045107359,wheel,1540612,1190694.0,139546,0.053842176744760314
107,object,dog,0.053261327835317104,dog,3854036,1379688.0,264659,0.053261327835317104,yellow-c,34739742,2742655.0,456437,0.012327485904484313,food,1124215,1072562.0,50095,0.023336013438413329,cavern-indoor-s,165997,397243.0,2678,0.0047773484467373813,waffled,1583356,433179.0,70178,0.03605607809872495,torso,7789829,1119907.0,256101,0.029594615441950117
175,texture,spiralled,0.053229113875127174,bicycle,1169902,1303143.0,33982,0.013932399450116704,black-c,142117568,2878072.0,580100,0.0040168807318104408,metal,3525611,945503.0,57150,0.012947545562220263,planetarium-outdoor-s,204304,597518.0,10399,0.013139623185072963,spiralled,1634432,300372.0,97783,0.053229113875127174,wheel,1540612,738287.0,48799,0.021881978386619434
80,texture,dotted,0.052307264695742629,bed,6001986,1263222.0,122853,0.017200629204233056,blue-c,62464739,2827805.0,560892,0.0086648800497166369,fabric,8700788,1081084.0,72176,0.007433394413172153,ball_pit-s,280918,762788.0,31742,0.031366728460696228,dotted,2987946,540596.0,175394,0.052307264695742629,arm,2339418,839985.0,17140,0.0054201690371736945
93,object,tree,0.051696793543465458,tree,21530467,2656296.0,1188915,0.051696793543465458,green-c,64303167,3511941.0,1649807,0.024934625476879489,glass,2286730,806892.0,31883,0.010413363124681758,park-s,1200286,1460426.0,55817,0.021427735091049734,frilly,1647201,112925.0,30740,0.017775094744608779,pane,489020,1542146.0,23656,0.011783752011197952
194,texture,striped,0.051515224702085659,skyscraper,1293433,1292038.0,100120,0.040284048410063611,white-c,73689572,3022777.0,335783,0.0043964139471785102,fabric,8700788,749193.0,45377,0.0048249772132883005,skyscraper-s,4481919,832038.0,139273,0.02691430046742951,striped,2477186,744623.0,157841,0.051515224702085659,headboard,509067,620693.0,9564,0.0085377916007555819
76,object,windowpane,0.051360661063642933,windowpane,8991243,1497050.0,512370,0.051360661063642933,white-c,73689572,3250196.0,1197781,0.015813963264523282,glass,2286730,1634031.0,100405,0.026281582135277447,window_seat-s,587374,907219.0,23052,0.015665210823211859,grid,1712438,88123.0,49478,0.028255656642203711,pane,489020,994682.0,49959,0.034845157046974246
56,object,cat,0.050813654628251138,cat,4228548,1727923.0,288034,0.050813654628251138,brown-c,185306464,2676912.0,1212521,0.0064920246791181635,fur,105154,789280.0,5322,0.0059857475773580828,hoodoo-s,127690,533644.0,6218,0.009491448842647715,braided,1596125,243606.0,37818,0.020987694744418847,head,5034747,1339535.0,214039,0.034745220277836442
60,color,red-c,0.05044157319770079,motorbike,1463055,1480241.0,40959,0.014112420439115099,red-c,21346526,2734929.0,1156377,0.05044157319770079,food,1124215,1085167.0,38743,0.017848661154618525,conference_center-s,165997,752121.0,8712,0.0095798796137258821,pitted,1864274,292690.0,55292,0.026308577170938187,body,1312994,955277.0,19036,0.008463321973915576
86,texture,cracked,0.05042484127723576,cat,4228548,1842330.0,151402,0.025576926065753118,grey-c,161925849,3140365.0,1330215,0.0081241450146830561,wallpaper,487733,403335.0,2870,0.0032312614979993198,street-s,28615329,870172.0,315926,0.010830668599045409,cracked,1621663,903760.0,121231,0.05042484127723576,torso,7789829,1159440.0,123060,0.013942565828658713
69,material,food,0.050387744100237879,cat,4228548,970128.0,78266,0.015285104122521438,yellow-c,34739742,2658250.0,794609,0.021708621850608727,food,1124215,1005443.0,102161,0.050387744100237879,ball_pit-s,280918,354890.0,8921,0.014230634867208923,bumpy,2119654,742011.0,116068,0.042274230340432338,head,5034747,639735.0,80642,0.014416214979334411
65,texture,polka-dotted,0.050346826152284904,sky,37221416,1444213.0,308906,0.0080535034236371029,white-c,73689572,2767350.0,733887,0.0096917272267283,ceramic,691369,915576.0,7188,0.0044931824020773151,cockpit-s,549067,688920.0,6898,0.0056031692265953153,polka-dotted,1736584,399687.0,102399,0.050346826152284904,wheel,1540612,925944.0,21396,0.0087503476255132596
14,object,sea,0.050330150098994261,sea,2313335,2341807.0,223067,0.050330150098994261,blue-c,62464739,3247942.0,1522488,0.02371838950538753,glass,2286730,677383.0,26961,0.0091793002200771367,beach-s,1008751,1213713.0,56923,0.026285810335615903,crystalline,1557818,207105.0,21365,0.012253678971390685,screen,689450,1079446.0,40520,0.023443972839243314
211,texture,zigzagged,0.049853792225179577,tvmonitor,1035941,960988.0,40354,0.0206248163244445,white-c,73689572,2152948.0,227589,0.0030098420641288424,glass,2286730,960694.0,37280,0.011613186199746803,home_theater-s,319225,584836.0,5897,0.00656561607902343,zigzagged,1647201,120294.0,83932,0.049853792225179577,screen,689450,643306.0,29585,0.02270231611968038
193,part,leg,0.049787090636551602,horse,1249989,1829378.0,81596,0.027218890302161174,black-c,142117568,2804132.0,1295429,0.009019443246563159,fabric,8700788,972940.0,32700,0.003391754489251561,pasture-s,868292,633966.0,10712,0.0071818100145754809,frilly,1647201,72933.0,5860,0.0034183566921040629,leg,2832633,1354004.0,198555,0.049787090636551602
84,texture,zigzagged,0.049573125683541976,bus,1654056,1752312.0,94386,0.028498343288097579,red-c,21346526,3127081.0,520480,0.021729104513160222,paper,478211,1124143.0,8417,0.0052806353074180473,boxing_ring-s,153228,753627.0,6867,0.0076301017346897962,zigzagged,1647201,304793.0,92196,0.049573125683541976,body,1312994,1283230.0,58447,0.023030786392973061
58,texture,zigzagged,0.049309781265477533,car,5435238,1516375.0,126677,0.018560906651725381,blue-c,62464739,2820065.0,1210357,0.01888985479656188,plastic-opaque,588126,831152.0,11402,0.0080987246035872477,moon_bounce-s,140459,634535.0,14034,0.018442493692178302,zigzagged,1647201,501074.0,100953,0.049309781265477533,arm,2339418,1038802.0,36021,0.010777634724922125
256,part,wheel,0.047726803130246957,motorbike,1463055,1202860.0,76490,0.029539376502505384,yellow-c,34739742,2501177.0,178689,0.0048213234875505336,food,1124215,1123980.0,69593,0.031943879607197641,parlor-s,1021520,442208.0,5854,0.0040154361762401967,paisley,1583356,221005.0,21414,0.012010452357809851,wheel,1540612,873053.0,109949,0.047726803130246957
199,material,food,0.047446740076436976,flower,600618,1068743.0,52826,0.032678537736578549,orange-c,30864899,2585715.0,428295,0.01296986441200571,food,1124215,1311702.0,110341,0.047446740076436976,bakery-shop-s,727833,564694.0,21763,0.017125917951720384,dotted,2987946,320142.0,78892,0.024430849041061613,muzzle,678509,643395.0,30069,0.023276192392991366
36,texture,frilly,0.046706113776337967,dog,3854036,1448580.0,162236,0.031561090814297775,pink-c,18799488,3314326.0,555328,0.025759137260380902,fabric,8700788,859985.0,81860,0.0086360113232392781,butchers_shop-s,140459,486410.0,6946,0.011204617347638337,frilly,1647201,1140505.0,124393,0.046706113776337967,head,5034747,1096866.0,157221,0.026315815902270893
188,object,dog,0.046672461094484863,dog,3854036,1395197.0,234070,0.046672461094484863,orange-c,30864899,2662784.0,523677,0.015867073833400708,food,1124215,1225468.0,61241,0.02676100158972786,bakery-shop-s,727833,324108.0,6635,0.0063474236252350985,waffled,1583356,156082.0,26078,0.01522038567493113,ear,797925,1181071.0,73181,0.038398795266067272
30,object,mountain,0.046581324569232481,mountain,5559015,2149900.0,343109,0.046581324569232481,blue-c,62464739,3126662.0,603148,0.0092808772686965441,fabric,8700788,499072.0,28062,0.0030595963844820828,mountain-s,1187517,1008181.0,49067,0.022857677914834919,polka-dotted,1736584,438594.0,42694,0.020020783274341099,torso,7789829,1016828.0,51251,0.0058536405964497822
151,object,motorbike,0.046471311110276636,motorbike,1463055,1379452.0,126229,0.046471311110276636,black-c,142117568,2517619.0,1075759,0.0074934751063510784,food,1124215,1070067.0,9046,0.0041395986520449046,shoe_shop-s,587374,494118.0,7504,0.0069870426857655769,honeycombed,1583356,117371.0,16649,0.0098861216641984509,muzzle,678509,1051339.0,66544,0.040007118362007182
240,texture,zigzagged,0.046406865729943361,car,5435238,1196064.0,119074,0.018284679221919134,black-c,142117568,2655686.0,643829,0.0044670198330424198,fabric,8700788,1246293.0,69569,0.0070431703854168942,conference_room-s,2349496,661132.0,26109,0.0087481433356597828,zigzagged,1647201,174405.0,80786,0.046406865729943361,back,604519,831072.0,14801,0.010417443816468303
81,object,book,0.046248573980561918,book,624354,1741779.0,104593,0.046248573980561918,purple-c,11026903,3059397.0,132745,0.0095133462404383678,glass,2286730,1136623.0,22865,0.0067240349032256543,bookstore-s,408608,1109011.0,43692,0.029643259130201157,sprinkled,1749353,260501.0,57648,0.029529670536818348,shop window,238282,966113.0,10554,0.0088403732155287011
142,object,sidewalk,0.045834219829671126,sidewalk,4066329,1955255.0,263899,0.045834219829671126,grey-c,161925849,2572249.0,731297,0.0044654777130317151,carpet,4490516,629856.0,34876,0.0068579348012465253,street-s,28615329,1306650.0,511096,0.01737778495123727,potholed,1608894,4815.0,1741,0.0010800462540199308,leg,2832633,1216165.0,35824,0.0089270451291236872
63,part,screen,0.045623953886806005,tvmonitor,1035941,1821971.0,81845,0.029482357594395235,blue-c,62464739,3104123.0,1433538,0.022351769829680755,glass,2286730,1145177.0,69419,0.020645129439867144,skyscraper-s,4481919,1057613.0,50036,0.0091148622751524005,polka-dotted,1736584,70765.0,9948,0.0055346580979981647,screen,689450,1005382.0,73951,0.045623953886806005
165,texture,dotted,0.045397864300137356,dog,3854036,1210886.0,43783,0.0087197347056116158,white-c,73689572,2713208.0,369984,0.0048661106715054908,tile,4040367,1074123.0,15232,0.0029871012606147796,bathroom-s,9423522,713049.0,60622,0.0060165052443199151,dotted,2987946,315114.0,143440,0.045397864300137356,muzzle,678509,759717.0,17867,0.012579214128259124
171,texture,dotted,0.044905003229990338,bicycle,1169902,1252266.0,61188,0.025916356767105186,yellow-c,34739742,3049620.0,189220,0.0050324278030652115,ceramic,691369,1196840.0,40693,0.022025790304387081,bathroom-s,9423522,617508.0,82928,0.0083276913612654307,dotted,2987946,350584.0,143474,0.044905003229990338,wheel,1540612,815237.0,87476,0.038563322698691969
75,texture,interlaced,0.044845112933331245,track,499164,1830556.0,25018,0.01085519950084653,brown-c,185306464,3281631.0,1239269,0.006614767898252002,carpet,4490516,692881.0,24329,0.004715774244495324,skyscraper-s,4481919,941916.0,55166,0.010275545018700165,interlaced,1659970,810327.0,106026,0.044845112933331245,wheel,1540612,910684.0,21986,0.0090503064656219257
2,scene,mountain_snowy-s,0.044480713853316256,mountain,5559015,2428066.0,318950,0.04159422941522517,blue-c,62464739,3222111.0,1115981,0.017283041366533258,fabric,8700788,603277.0,59786,0.0064673513207465939,mountain_snowy-s,1825967,1296999.0,132996,0.044480713853316256,cobwebbed,1532280,143372.0,18280,0.011029509367842584,body,1312994,1257473.0,76428,0.030644268193079579
212,object,bicycle,0.043887194948302115,bicycle,1169902,1579248.0,115580,0.043887194948302115,black-c,142117568,2682698.0,643428,0.0044633886878123674,food,1124215,923861.0,5629,0.0027560078670340036,dining_room-s,5797126,669391.0,59974,0.0093613669649918844,cobwebbed,1532280,223045.0,29986,0.01737977290260059,wheel,1540612,1059477.0,59921,0.023589384639126233
1,object,sky,0.04361538163556164,sky,37221416,3027784.0,1682118,0.04361538163556164,blue-c,62464739,3373223.0,1567936,0.024396069172276359,plastic-clear,164749,247360.0,472,0.0011466413369060605,mountain_snowy-s,1825967,1501877.0,39162,0.011908113949600478,studded,1621663,124104.0,35073,0.020502205537635602,cloud,131738,1452037.0,12340,0.0078526951480653029
213,texture,spiralled,0.04356185322723987,ceiling,12335942,1440424.0,213981,0.015777534703520068,orange-c,30864899,3356580.0,162035,0.0047574176489786502,ceramic,691369,1335844.0,28002,0.014006525574339077,baggage_claim-s,319225,777648.0,11444,0.010543296705726492,spiralled,1634432,378196.0,84014,0.04356185322723987,pot,428835,859600.0,12634,0.0099027983204277165
231,texture,banded,0.043358490198138748,curtain,3163657,1527931.0,62240,0.01344465786542727,black-c,142117568,3069911.0,653873,0.0045240205243339739,fabric,8700788,1165938.0,41836,0.0042581647224549076,closet-s,1008751,922912.0,33940,0.017884591165307055,banded,2617645,271856.0,120078,0.043358490198138748,column,197668,828252.0,7424,0.0072891793389468391
207,object,bus,0.042966222988470325,bus,1654056,1662271.0,136620,0.042966222988470325,blue-c,62464739,2523732.0,277218,0.0042839226123468823,glass,2286730,813820.0,22648,0.0073582589699087231,building_facade-s,3205019,864843.0,35128,0.008706397993027545,interlaced,1659970,34012.0,4225,0.0025003595191497949,windshield,68551,1088815.0,10627,0.0092671479735144616
47,material,food,0.041745392420832424,case,620061,1078631.0,23516,0.014037927955032784,yellow-c,34739742,2624639.0,564836,0.015348994124791489,food,1124215,1483156.0,104484,0.041745392420832424,bakery-shop-s,727833,656743.0,41030,0.030538589672404221,waffled,1583356,166049.0,52975,0.031227342124343475,shop window,238282,626883.0,4437,0.0051549386101067936
74,texture,waffled,0.0415515395305091,airplane,1310659,1285183.0,40852,0.015989103675552545,yellow-c,34739742,2713068.0,284840,0.0076635877611825453,metal,3525611,1019596.0,24678,0.00545909560584613,subway_interior-s,370301,659128.0,6278,0.0061359466979947243,waffled,1583356,336863.0,76605,0.0415515395305091,body,1312994,815624.0,25076,0.011920845887555371
203,object,dog,0.041473682650983203,dog,3854036,2191374.0,240741,0.041473682650983203,black-c,142117568,3229298.0,972132,0.0067333942239505701,fur,105154,633846.0,6022,0.0082157991099323577,creek-s,587374,762710.0,14274,0.010685651402519819,matted,1621663,545968.0,57878,0.027433543168323495,torso,7789829,1377396.0,278931,0.031381837729490047
79,color,yellow-c,0.041082955757962357,train,1669220,1257160.0,41019,0.014216245384892913,yellow-c,34739742,2942925.0,1487024,0.041082955757962357,food,1124215,1489611.0,76969,0.030340299039323067,field-cultivated-s,651219,617098.0,9864,0.0078381949901982825,bubbly,1545049,202085.0,24080,0.013975185919884113,head,5034747,823449.0,49808,0.0085751847156216154
94,texture,crosshatched,0.04071334016112714,water,5727011,1670070.0,140389,0.019346142843047493,red-c,21346526,3275300.0,246640,0.010118486890725675,carpet,4490516,716186.0,73373,0.014293453624343968,skyscraper-s,4481919,748481.0,65940,0.012768033831223401,crosshatched,1774891,906739.0,104907,0.04071334016112714,roof,451342,905035.0,8507,0.0063114395305185218
62,object,road,0.039823286971987094,road,13092677,1812594.0,570844,0.039823286971987094,black-c,142117568,2853777.0,1044429,0.0072566621242686809,metal,3525611,942315.0,39649,0.0089535952696726071,street-s,28615329,934625.0,348436,0.011932119419271286,banded,2617645,20931.0,4311,0.0016365096146363407,screen,689450,1311882.0,22453,0.011346322842376921
214,texture,grid,0.039673272723147648,building,35808068,2286754.0,879392,0.023629768620166421,white-c,73689572,3388791.0,406016,0.0052954685213953342,tile,4040367,857150.0,30210,0.0062067175955821154,skyscraper-s,4481919,1550004.0,87583,0.014733847660127112,grid,1712438,258035.0,75192,0.039673272723147648,pane,489020,1272745.0,13174,0.0075340659994246797
246,object,car,0.039579797363128506,car,5435238,1294329.0,256214,0.039579797363128506,red-c,21346526,2097847.0,121996,0.0052308561858853408,food,1124215,731136.0,15272,0.0082996436566038743,baggage_claim-s,319225,600826.0,5633,0.0061602024457086367,interlaced,1659970,31942.0,4759,0.0028207281734377379,wheel,1540612,925035.0,80123,0.033587169946728689
98,object,water,0.039444494481293009,water,5727011,2028459.0,294302,0.039444494481293009,blue-c,62464739,3110243.0,710694,0.010956629940962274,concrete,389293,462060.0,4666,0.0055108912738709818,coast-s,1123672,890654.0,25779,0.012963736839008583,stratified,1596125,513963.0,51781,0.025157082981304538,crosswalk,246024,1083322.0,5815,0.0043935502832952158
73,texture,stained,0.039251913683207247,dog,3854036,1567580.0,108918,0.020501447663691781,white-c,73689572,3079205.0,693914,0.0091214623679309152,ceramic,691369,994698.0,13339,0.0079743987067831708,living_room-s,9793823,735490.0,77564,0.0074211502782931356,stained,1723815,509263.0,84342,0.039251913683207247,torso,7789829,1081150.0,118496,0.013538558144014676
85,color,orange-c,0.03858008953851419,cabinet,5413623,1169118.0,170311,0.026559510201280948,orange-c,30864899,3201418.0,1265460,0.03858008953851419,wood,9978559,1983799.0,381827,0.032971458735355057,kitchen-s,9168142,744112.0,133499,0.013651942399620401,swirly,1634432,29433.0,2947,0.0017743199844905046,drawer,550426,849299.0,28074,0.020467305458895885
25,part,leg,0.038564044852960999,person,14745720,2124898.0,540746,0.033113915406072995,blue-c,62464739,3689693.0,1630848,0.025275223397385985,fabric,8700788,1529132.0,180573,0.017968630200549351,mountain_snowy-s,1825967,842632.0,21062,0.007955318471469899,smeared,1902581,140023.0,12849,0.0063303206544632236,leg,2832633,1482692.0,160237,0.038564044852960999
172,object,grass,0.038441292387051441,grass,13100838,2647470.0,582975,0.038441292387051441,green-c,64303167,3258802.0,805251,0.012062471375540063,wallpaper,487733,340960.0,2386,0.0028875466382349418,river-s,638450,1142414.0,30670,0.017523771650457036,matted,1621663,369101.0,30230,0.015419268423806982,torso,7789829,1276318.0,24779,0.0027406250912472537
23,color,orange-c,0.038273522494101431,floor,20690801,1655416.0,607133,0.02792817765458747,orange-c,30864899,3829777.0,1278938,0.038273522494101431,wood,9978559,1646115.0,328800,0.029107973406927168,ballroom-s,370301,888724.0,15048,0.012096686675075182,waffled,1583356,511890.0,61074,0.030024009769085407,torso,7789829,1080553.0,72449,0.0082347751454801936
249,texture,zigzagged,0.037998724424445116,house,1865979,1082707.0,15208,0.0051842897747997425,blue-c,62464739,2084011.0,226600,0.0035228921918810238,fabric,8700788,824764.0,45850,0.004836649928447118,hotel_room-s,2247344,626962.0,14393,0.0050326705742447407,zigzagged,1647201,115380.0,64524,0.037998724424445116,ear,797925,706418.0,14262,0.0095712917619914621
3,object,sidewalk,0.037443997328572377,sidewalk,4066329,2133261.0,223759,0.037443997328572377,grey-c,161925849,2810741.0,1407569,0.0086179969204615518,granite,1341251,593021.0,10825,0.0056279169636595135,building_facade-s,3205019,1357482.0,91287,0.02041660273921132,potholed,1608894,40416.0,7354,0.004478804547746712,crosswalk,246024,1354988.0,10734,0.0067497632489413803
229,object,person,0.03736587544059182,person,14745720,1451356.0,583418,0.03736587544059182,black-c,142117568,3416152.0,1155731,0.0080048974778281472,fabric,8700788,1901079.0,132665,0.012671930487156518,cockpit-s,549067,533376.0,10057,0.0093781530157984166,pleated,1532280,60865.0,8584,0.0054172733015642816,arm,2339418,1168096.0,109377,0.032187342652753553
21,texture,striped,0.036788039985544856,motorbike,1463055,1600151.0,80120,0.026858092592704334,black-c,142117568,2926095.0,1009555,0.0070091384187973031,metal,3525611,1038116.0,36831,0.0081360384687432629,cockpit-s,549067,592757.0,10389,0.0091821447984197068,striped,2477186,279904.0,97829,0.036788039985544856,wheel,1540612,1168531.0,66999,0.025357815471071979
45,part,wheel,0.03653379269227746,car,5435238,1733743.0,244689,0.035337764496355728,black-c,142117568,2975312.0,1532987,0.010678379371597888,metal,3525611,1160246.0,32152,0.0069089037659241402,conference_room-s,2349496,794218.0,30005,0.0096364175329165316,studded,1621663,83158.0,10593,0.006252405225270743,wheel,1540612,1255015.0,98535,0.03653379269227746
251,texture,banded,0.036366134133738612,curtain,3163657,1172625.0,73473,0.017235817978239233,orange-c,30864899,3048944.0,210636,0.0062497316650014937,fabric,8700788,565823.0,68749,0.0074744543895092141,wheat_field-s,178766,686934.0,15281,0.017968789502586371,banded,2617645,1222219.0,134741,0.036366134133738612,torso,7789829,586018.0,26792,0.0032089859271498392
108,object,dog,0.035509112955596452,dog,3854036,1441540.0,181593,0.035509112955596452,orange-c,30864899,3024442.0,494535,0.01480874001783391,wood,9978559,1590812.0,117578,0.010267213177884022,living_room-s,9793823,684344.0,104713,0.010094323452921274,waffled,1583356,119829.0,22897,0.0136268306385572,head,5034747,1105878.0,106307,0.017617069567762256
209,part,head,0.035478763482829544,dog,3854036,1682699.0,170608,0.031793507682542736,black-c,142117568,3320655.0,1005351,0.0069606799759545047,food,1124215,972258.0,16241,0.007807302262439959,creek-s,587374,634285.0,12808,0.010595185014530327,honeycombed,1583356,745255.0,61470,0.027113443760224884,head,5034747,1066998.0,209065,0.035478763482829544
127,object,road,0.035271734716596524,road,13092677,2191403.0,520729,0.035271734716596524,grey-c,161925849,3266328.0,1938377,0.011873395902576234,carpet,4490516,1003331.0,96723,0.017921211371093197,street-s,28615329,1213562.0,399387,0.01357097285771449,studded,1621663,80372.0,22192,0.0132107583863492,torso,7789829,1499021.0,69904,0.0075826455649051425
66,texture,banded,0.034892141059886868,wall,49711970,888442.0,609768,0.012197642422850164,yellow-c,34739742,2630042.0,240428,0.0064754153021129692,painted,13701711,1358657.0,281623,0.019055948255416816,nursery-s,842754,606473.0,16223,0.011320973284094113,banded,2617645,266380.0,97237,0.034892141059886868,door frame,225659,642542.0,1016,0.0011716069812093151
218,object,horse,0.034536716970251922,horse,1249989,1362150.0,87203,0.034536716970251922,orange-c,30864899,2744552.0,311712,0.0093613563371374858,fabric,8700788,1284854.0,104999,0.010626737551392151,closet-s,1008751,565845.0,9969,0.0063714866226902639,pleated,1532280,130556.0,17449,0.010604799964993038,torso,7789829,1034852.0,239534,0.027900978282608322
109,object,person,0.034461944444515454,person,14745720,1441015.0,539243,0.034461944444515454,pink-c,18799488,3089795.0,634288,0.029841832472790514,skin,180884,1495853.0,32466,0.019744920393292831,ball_pit-s,280918,410723.0,5086,0.007408000815666625,freckled,1583356,207130.0,51743,0.029758854528817658,head,5034747,1257512.0,190192,0.031168454885860807
227,part,neck,0.034319447091618112,person,14745720,1307281.0,406613,0.025987659260399268,pink-c,18799488,2834624.0,202029,0.0094264752520788579,food,1124215,1318008.0,19219,0.0079318895057540143,podium-indoor-s,153228,308041.0,2490,0.005427449817886172,freckled,1583356,250272.0,36332,0.020214811583623399,neck,827257,1142653.0,65363,0.034319447091618112
206,texture,perforated,0.03416343522949887,sheep,824399,1535214.0,76781,0.033634100100226383,red-c,21346526,3350414.0,139836,0.0056943196559333708,carpet,4490516,920317.0,84989,0.015957846305674744,theater-indoor_procenium-s,293687,652558.0,6623,0.007048579109471681,perforated,1825967,920708.0,90736,0.03416343522949887,torso,7789829,983900.0,165608,0.019238577152900151
220,object,cat,0.034064601226661342,cat,4228548,1685709.0,194830,0.034064601226661342,orange-c,30864899,3286450.0,216938,0.0063928618062650327,fabric,8700788,963552.0,90722,0.0094762502535614013,wheat_field-s,178766,627527.0,7368,0.0092223925900428699,matted,1621663,633247.0,63296,0.028880998204975875,head,5034747,1189961.0,177895,0.02941962981160489
39,object,floor,0.033899090824679456,floor,20690801,2235840.0,751710,0.033899090824679456,brown-c,185306464,4295105.0,1768498,0.0094152642587630384,carpet,4490516,1823390.0,160098,0.026016086299735057,garage-indoor-s,829985,1047901.0,17838,0.0095900750948362621,freckled,1583356,176469.0,19341,0.011112426198689559,torso,7789829,1497532.0,65927,0.0071493218950545003
104,texture,knitted,0.03375834911130593,sheep,824399,1408134.0,37997,0.017314366225935688,purple-c,11026903,3002470.0,134144,0.0096539610826133198,fabric,8700788,778624.0,112296,0.011988321699016005,skyscraper-s,4481919,628075.0,55691,0.011018532129949471,knitted,1889812,835236.0,88989,0.03375834911130593,roof,451342,922136.0,17336,0.012783322100488001
121,object,plant,0.033358409949201605,plant,3826627,1410916.0,169076,0.033358409949201605,green-c,64303167,2788921.0,864336,0.013050963891995006,food,1124215,1339693.0,26491,0.01086847264953022,waiting_room-s,1353514,746982.0,14662,0.0070293225635405313,frilly,1647201,118397.0,11471,0.006539435286042573,pot,428835,974003.0,6214,0.0044493005991591153
67,object,airplane,0.033130869573239359,airplane,1310659,1489074.0,89783,0.033130869573239359,white-c,73689572,2523663.0,677476,0.0089689440997077954,fabric,8700788,1053845.0,66925,0.006908238770202405,market-outdoor-s,370301,606088.0,5660,0.0058306695277466729,bumpy,2119654,71375.0,7398,0.0033879350494657751,body,1312994,1066038.0,68326,0.029569317775606244
83,texture,dotted,0.031784785076779537,windowpane,8991243,1070168.0,143295,0.014447804401561749,white-c,73689572,2756262.0,659034,0.0086958942718257,glass,2286730,1350084.0,49986,0.01393599023984423,dining_room-s,5797126,565068.0,37775,0.0059728806709359386,dotted,2987946,255584.0,99919,0.031784785076779537,pane,489020,724299.0,17706,0.014809139746724065
185,object,train,0.031615667007017491,train,1669220,1317361.0,91529,0.031615667007017491,black-c,142117568,2394465.0,636801,0.0044260641053214776,glass,2286730,1073421.0,12304,0.0036751978211668574,weighbridge-s,268149,779775.0,7832,0.0075301031062636765,potholed,1608894,11819.0,1169,0.00072180811388884768,coach,701489,883945.0,25733,0.016498675066567246
244,part,body,0.031439479002919379,signboard,672140,1600206.0,68313,0.030994545000006805,red-c,21346526,2775299.0,140185,0.0058455134844822955,glass,2286730,979771.0,29917,0.0092433874727181498,shopfront-s,204304,723573.0,10428,0.011366299380129032,swirly,1634432,179387.0,35707,0.020081412194507431,body,1312994,1089145.0,73220,0.031439479002919379
174,object,cat,0.030859490516201467,cat,4228548,1495322.0,171348,0.030859490516201467,orange-c,30864899,3334435.0,194277,0.0057131796603075834,painted,13701711,1252892.0,123715,0.0083417122427193839,bedroom-s,19511032,777541.0,152943,0.0075956401662128281,knitted,1889812,591638.0,53394,0.021990431851654162,torso,7789829,1038775.0,170766,0.019723861777039487
16,object,car,0.030744717646412956,car,5435238,1755735.0,214490,0.030744717646412956,black-c,142117568,3015826.0,1635264,0.01139571644592163,leather,479813,1127099.0,14098,0.0088510020630155183,street-s,28615329,735141.0,207426,0.0071175131877095612,studded,1621663,120126.0,12192,0.0070490409037480984,body,1312994,1320743.0,49910,0.019316308715715099
99,object,road,0.0306995361722954,road,13092677,2683106.0,469884,0.0306995361722954,green-c,64303167,2956609.0,789315,0.011874673172493869,glass,2286730,308161.0,6948,0.0026847577400275044,highway-s,4149925,1384648.0,156696,0.029137148357985875,potholed,1608894,18232.0,7165,0.0044229459845020963,crosswalk,246024,1577900.0,8246,0.0045415541742533641
22,texture,waffled,0.030627159800853052,cat,4228548,1277149.0,102523,0.018974587899630847,black-c,142117568,3969904.0,1037316,0.0071514297440672869,metal,3525611,1977635.0,50266,0.0092180789219839434,ball_pit-s,280918,363970.0,5228,0.0081730919551011479,waffled,1583356,517158.0,62421,0.030627159800853052,head,5034747,1050541.0,60355,0.010017538784248721
6,material,wood,0.030615693500534873,dog,3854036,1355914.0,143121,0.028246660781328915,orange-c,30864899,3211003.0,904421,0.027265017199563684,wood,9978559,1755887.0,348586,0.030615693500534873,kitchen-s,9168142,661429.0,112568,0.011584641890097183,waffled,1583356,158389.0,41546,0.024435963084321305,torso,7789829,1044118.0,178756,0.020653039314788086
250,material,food,0.030565591589468248,dog,3854036,1520138.0,69367,0.013076253292532604,green-c,64303167,2750521.0,316524,0.0047428446315159571,food,1124215,1027068.0,63805,0.030565591589468248,mountain-s,1187517,708966.0,12031,0.0063843494023726795,paisley,1583356,278433.0,23660,0.012871784298055251,muzzle,678509,914541.0,19256,0.012235400567037364
111,color,red-c,0.030563007539839256,person,14745720,1457287.0,255880,0.016045523435036291,red-c,21346526,3104581.0,725137,0.030563007539839256,fabric,8700788,1484536.0,111833,0.011101712405361756,florist_shop-indoor-s,229842,635759.0,8709,0.010163474510206653,dotted,2987946,282222.0,67296,0.021011142499606603,arm,2339418,1066612.0,39775,0.011815801239062401
101,scene,ball_pit-s,0.030332638679950612,ball,124778,1678493.0,25852,0.014544685299301965,blue-c,62464739,3228213.0,1078985,0.016698943743850305,fabric,8700788,1103669.0,67073,0.0068881950224002671,ball_pit-s,280918,743007.0,30144,0.030332638679950612,smeared,1902581,468861.0,55426,0.023931613598524363,body,1312994,1033618.0,26625,0.011476357410623422
170,part,leg,0.030228664583558721,horse,1249989,1467839.0,44386,0.016602567027824058,orange-c,30864899,2468620.0,271083,0.0081991236217440235,carpet,4490516,958860.0,25449,0.0046919879268286615,dining_room-s,5797126,575226.0,40071,0.0063280514557076664,zigzagged,1647201,113296.0,14068,0.0080552945467579837,leg,2832633,1052656.0,114001,0.030228664583558721
189,texture,spiralled,0.030130225901026264,skyscraper,1293433,1259920.0,56733,0.022723922743549278,red-c,21346526,2518570.0,91087,0.003831368954222235,ceramic,691369,666554.0,4497,0.0033226788904602098,skyscraper-s,4481919,663488.0,87875,0.017375075432048675,spiralled,1634432,373606.0,58733,0.030130225901026264,wheel,1540612,641131.0,19813,0.0091644965378157479
71,color,black-c,0.030054125747594414,person,14745720,1851640.0,140629,0.008545378787561151,black-c,142117568,4564110.0,4279765,0.030054125747594414,fabric,8700788,2249835.0,83276,0.007662955825373019,movie_theater-indoor-s,242611,566647.0,5553,0.0069092515288569807,spiralled,1634432,126670.0,20675,0.011879268708196321,torso,7789829,1313556.0,128457,0.014312872482096792
116,part,drawer,0.029848483010444845,cabinet,5413623,1634329.0,108152,0.015584310787054382,orange-c,30864899,2830836.0,545191,0.016445914130398583,wood,9978559,1090735.0,166715,0.015291336114143269,kitchen-s,9168142,1007241.0,94618,0.009385994019303099,stratified,1596125,147399.0,22104,0.012840561861718813,drawer,550426,977657.0,44289,0.029848483010444845
221,texture,perforated,0.029462728524889174,keyboard,128527,1309383.0,16481,0.011594669870953807,red-c,21346526,2740485.0,100222,0.0041782166008130558,carpet,4490516,998264.0,64836,0.011953663238411016,skyscraper-s,4481919,809377.0,51192,0.0097692717549117351,perforated,1825967,363937.0,62674,0.029462728524889174,screen,689450,725545.0,13947,0.0099546910598352096
40,object,lamp,0.029364767927291476,lamp,603702,1109232.0,48865,0.029364767927291476,orange-c,30864899,3174179.0,849477,0.025594673464137154,food,1124215,1869752.0,25013,0.0084248526585457371,hotel_room-s,2247344,692535.0,31332,0.010772389100124563,waffled,1583356,95313.0,24060,0.014541199763811269,shade,200733,679969.0,24591,0.028724079003774043
53,texture,studded,0.028917681082224988,motorbike,1463055,1870606.0,51793,0.015781560989046484,black-c,142117568,3511637.0,2798892,0.019595924290945158,leather,479813,1394784.0,8218,0.0044031785612675669,casino-indoor-s,663988,786308.0,18155,0.012676824418824683,studded,1621663,240500.0,52336,0.028917681082224988,wheel,1540612,1142315.0,28026,0.010556325829098712
157,texture,honeycombed,0.028804056384550896,grandstand,524619,1418530.0,15987,0.0082956181161729006,red-c,21346526,2845368.0,139902,0.0058166491989520034,food,1124215,555478.0,8942,0.0053520841825023596,auditorium-s,497991,826383.0,13548,0.010335467865300201,honeycombed,1583356,868496.0,68646,0.028804056384550896,coach,701489,603670.0,6262,0.0048210135214724493
201,texture,banded,0.028725330297541735,ceiling,12335942,1507226.0,147392,0.010761858254691082,red-c,21346526,2808996.0,101711,0.0042284775580884041,wood,9978559,1011082.0,60019,0.0054914067476441548,window_seat-s,587374,840523.0,11886,0.0083940025889629385,banded,2617645,133040.0,76808,0.028725330297541735,footboard,372828,911120.0,8894,0.0069753908461916122
145,part,ear,0.028614711160523661,sky,37221416,1985666.0,644672,0.01671762734746091,blue-c,62464739,2671175.0,503254,0.0077863730194610587,painted,13701711,691098.0,38079,0.0026527144711185791,mosque-outdoor-s,229842,837588.0,14781,0.014041717609573562,cobwebbed,1532280,33225.0,2825,0.0018077917423912765,ear,797925,1268959.0,57498,0.028614711160523661
42,object,sky,0.028469761187204585,sky,37221416,2586586.0,1101952,0.028469761187204585,white-c,73689572,3447091.0,1399249,0.018475003648791073,ceramic,691369,735791.0,12564,0.0088816877751669021,mountain_snowy-s,1825967,1325556.0,32748,0.010500276550889372,crystalline,1557818,52405.0,6873,0.0042866498269248758,torso,7789829,1518271.0,74132,0.0080281846330851475
120,texture,perforated,0.028245414049147086,sand,935897,1601433.0,24453,0.0097310771677244848,white-c,73689572,3095881.0,496844,0.006512689201083742,paper,478211,1062364.0,10884,0.0071151624739898452,building_facade-s,3205019,935240.0,30317,0.0073765031234017415,perforated,1825967,356051.0,59939,0.028245414049147086,drawer,550426,988906.0,25111,0.016583444556640015
153,part,body,0.027739802650512416,signboard,672140,1944796.0,53907,0.02103253611254496,blue-c,62464739,2838865.0,263935,0.0040580618576026269,paper,478211,678553.0,3953,0.0034290096121567196,building_facade-s,3205019,1094588.0,49890,0.011739605249008345,studded,1621663,101935.0,12324,0.0072016521024686874,body,1312994,1061828.0,64099,0.027739802650512416
37,texture,freckled,0.027683894587912011,horse,1249989,1215954.0,42803,0.017664270326931172,orange-c,30864899,2711735.0,308660,0.0092779921013524894,food,1124215,1174182.0,35261,0.015580592593639976,wine_cellar-barrel_storage-s,268149,502240.0,7490,0.0098178133671691804,freckled,1583356,301555.0,50776,0.027683894587912011,torso,7789829,835328.0,141127,0.016634429628372367
78,object,bird,0.027583225867104297,bird,1046893,1969892.0,80979,0.027583225867104297,black-c,142117568,3128782.0,1478612,0.010284727440032478,carpet,4490516,1044658.0,77280,0.014159307601063707,mountain-s,1187517,717246.0,18136,0.0096129229572141182,matted,1621663,190884.0,19325,0.01077669134106095,torso,7789829,1310013.0,237659,0.02681720745328775
156,texture,banded,0.027555167724913419,curtain,3163657,1000137.0,90917,0.022322549883043361,orange-c,30864899,2544578.0,210931,0.0063536216315015727,wood,9978559,1321681.0,109477,0.0097828003327387059,kitchen-s,9168142,670846.0,73946,0.0075725224735336523,banded,2617645,130764.0,73702,0.027555167724913419,side,109044,627021.0,3612,0.0049313744363119541
129,texture,cobwebbed,0.027492910064466369,toilet,315709,1077836.0,31262,0.022948242031941967,orange-c,30864899,2696461.0,143975,0.004308386188805617,ceramic,691369,1270792.0,28863,0.014929410778886648,labyrinth-indoor-s,140459,569179.0,5526,0.0078481832435748859,cobwebbed,1532280,274182.0,48336,0.027492910064466369,body,1312994,696056.0,36523,0.018515842875661524
7,object,water,0.027140718330874468,water,5727011,2358840.0,213657,0.027140718330874468,blue-c,62464739,3195472.0,1445815,0.022515434078053152,glass,2286730,719960.0,21501,0.0072025590339506139,skyscraper-s,4481919,1194872.0,77781,0.013891920178745885,meshed,1787660,98990.0,9994,0.0053254299136336119,screen,689450,1326319.0,24398,0.012251860652786446
234,part,screen,0.026722109620808333,car,5435238,1304110.0,150606,0.022858081254357811,black-c,142117568,2475274.0,1208239,0.0084265602771868044,glass,2286730,1138711.0,53540,0.0158782834964609,office-s,1570587,588543.0,25417,0.011912098768672262,chequered,1557818,29594.0,5679,0.0035903657570525494,screen,689450,979687.0,43442,0.026722109620808333
55,object,windowpane,0.026612668328619655,windowpane,8991243,1297000.0,266700,0.026612668328619655,white-c,73689572,2743399.0,921496,0.012203390279424419,glass,2286730,1318335.0,58009,0.016354125787695486,dining_room-s,5797126,775165.0,45792,0.0070163191628467266,polka-dotted,1736584,47287.0,8997,0.0050690922285187567,pane,489020,795152.0,27992,0.022283430718527598
28,texture,lined,0.026459028057680297,track,499164,1786726.0,57573,0.025836988184356174,black-c,142117568,3667247.0,1408333,0.0097545873156820659,metal,3525611,1238160.0,49772,0.01055833910868458,airport_terminal-s,1506742,898752.0,22747,0.0095465443876332646,lined,1596125,443756.0,52582,0.026459028057680297,coach,701489,1028577.0,14933,0.0087066134229823577
113,texture,stratified,0.026452294201322741,rock,1965710,1976526.0,53459,0.013746995520699695,pink-c,18799488,3262124.0,471033,0.021816598804506353,food,1124215,984929.0,42572,0.02060029846528454,canyon-s,178766,1012849.0,10458,0.0088540304125531155,stratified,1596125,437316.0,52403,0.026452294201322741,head,5034747,1104679.0,62276,0.010247566704787606
18,object,ceiling,0.026356004274563326,ceiling,12335942,1248397.0,348835,0.026356004274563326,yellow-c,34739742,2873429.0,429205,0.011542743988094224,painted,13701711,1439656.0,166766,0.011136590550893477,bathroom-s,9423522,875493.0,100959,0.0098998279672125739,waffled,1583356,28358.0,2602,0.0016170409517796151,body,1312994,803066.0,7453,0.0035345609684497869
17,texture,potholed,0.025462583055721116,dog,3854036,2134167.0,107366,0.018256924992139725,blue-c,62464739,3457269.0,543879,0.0083189746834143874,fabric,8700788,886491.0,55120,0.0057825304844369464,mountain_snowy-s,1825967,775694.0,39772,0.015524482130178161,potholed,1608894,528008.0,53060,0.025462583055721116,head,5034747,1381359.0,132125,0.021025684196053426
35,texture,dotted,0.024834160560939102,painting,2243633,1128163.0,33409,0.010007527587424705,pink-c,18799488,2298380.0,246969,0.011844525264833905,paper,478211,914665.0,6350,0.0045797915076962138,nursery-s,842754,754954.0,22833,0.014498293515358363,dotted,2987946,264109.0,78805,0.024834160560939102,pane,489020,777043.0,5342,0.0042372578865585648
4,color,blue-c,0.024561932455328235,sky,37221416,1939198.0,527369,0.013650652436780809,blue-c,62464739,2917025.0,1567404,0.024561932455328235,fabric,8700788,809790.0,62701,0.0066365173890388287,mountain_snowy-s,1825967,1019842.0,36189,0.01288038951886732,swirly,1634432,173170.0,17291,0.0096580985091417083,screen,689450,1079015.0,18724,0.010701012321252116
238,texture,spiralled,0.024465380256922204,bicycle,1169902,1258728.0,42358,0.017750700674524951,white-c,73689572,2766076.0,305591,0.0040130107847457025,metal,3525611,1069267.0,45501,0.01000158922859108,wine_cellar-barrel_storage-s,268149,531773.0,5499,0.0069220050275482963,spiralled,1634432,302035.0,46245,0.024465380256922204,wheel,1540612,842758.0,55489,0.023836699556377666
191,texture,zigzagged,0.024023840503299514,bird,1046893,1397456.0,41768,0.017384637604309697,red-c,21346526,2588833.0,118237,0.0049643697504677519,fabric,8700788,982276.0,55781,0.0057940542518590136,aqueduct-s,229842,585509.0,3842,0.0047343898835379523,zigzagged,1647201,196003.0,43242,0.024023840503299514,wheel,1540612,984730.0,46730,0.018853293698247245
51,material,painted,0.023999732609567278,sky,37221416,1531376.0,539321,0.014113373789049416,white-c,73689572,2949405.0,981730,0.012976020658007818,painted,13701711,1218430.0,349687,0.023999732609567278,hotel_room-s,2247344,777203.0,23254,0.0077479939479417701,lined,1596125,33958.0,4865,0.0029934445717436061,screen,689450,1047217.0,9109,0.0052727607408839527
168,part,leg,0.023924600432899866,horse,1249989,1613569.0,65366,0.023360083939915489,black-c,142117568,2497189.0,635197,0.0044117164964249094,carpet,4490516,913510.0,15705,0.0029146370455657706,dining_room-s,5797126,766562.0,80958,0.012488257261986848,meshed,1787660,31064.0,2326,0.0012805563538387512,leg,2832633,1072426.0,91244,0.023924600432899866
15,object,dog,0.023782032555386044,dog,3854036,2107069.0,138474,0.023782032555386044,white-c,73689572,3103041.0,1152615,0.015238168039084295,metal,3525611,918070.0,16310,0.0036839018008655703,park-s,1200286,916556.0,18071,0.0086102771574411881,crystalline,1557818,145798.0,11569,0.0068372805247135567,torso,7789829,1367311.0,146668,0.016277504663462689
118,object,airplane,0.023684838557955234,airplane,1310659,1481770.0,64608,0.023684838557955234,blue-c,62464739,2392679.0,561476,0.0087326817608489194,painted,13701711,822704.0,61553,0.004255934959484506,childs_room-s,983213,633765.0,9557,0.0059455488014652043,dotted,2987946,45857.0,11922,0.0039452248450551159,wing,328483,1032818.0,18444,0.013734895078180327
226,object,horse,0.023565309472369768,horse,1249989,1392699.0,60842,0.023565309472369768,brown-c,185306464,2299304.0,695796,0.0037226264203816797,glass,2286730,904890.0,25036,0.0079063116595043739,building_facade-s,3205019,738793.0,40955,0.010493594820409766,swirly,1634432,41566.0,5707,0.0034167698921924385,torso,7789829,928078.0,143578,0.016745100403775037
187,texture,zigzagged,0.023345171617362222,motorbike,1463055,1448606.0,46190,0.016119514034516488,red-c,21346526,2913557.0,105787,0.0043796349932947749,metal,3525611,1075530.0,19833,0.0043291129956772173,dining_room-s,5797126,661979.0,38001,0.0059181411794607284,zigzagged,1647201,340428.0,45343,0.023345171617362222,wheel,1540612,932641.0,30206,0.01236406831305333
166,part,wheel,0.023251082023361767,road,13092677,1740490.0,208626,0.014265473357420243,grey-c,161925849,2787610.0,800846,0.004885810709393059,carpet,4490516,792535.0,28223,0.0053708703691157924,street-s,28615329,835245.0,178029,0.0060817738942753356,freckled,1583356,123919.0,21421,0.012706319764344954,wheel,1540612,1260501.0,63649,0.023251082023361767
131,part,leg,0.023230826368596649,pillar,615007,1256533.0,28343,0.015377086659754763,yellow-c,34739742,2273738.0,132568,0.0035944881189489022,wood,9978559,848657.0,30589,0.0028331996650435361,skyscraper-s,4481919,688509.0,25810,0.005016893382560182,striped,2477186,123445.0,26049,0.010117758921642427,leg,2832633,773786.0,81878,0.023230826368596649
12,color,orange-c,0.023217266383827161,bus,1654056,1585344.0,52839,0.016581825987326149,orange-c,30864899,2833366.0,764629,0.023217266383827161,food,1124215,1084115.0,15354,0.0070014446122529383,coast-s,1123672,785735.0,23250,0.012326651492956312,striped,2477186,113954.0,21812,0.0084893793240878555,head,5034747,909951.0,90326,0.015428811151734122
117,object,sheep,0.023139234043388825,sheep,824399,1259664.0,47133,0.023139234043388825,grey-c,161925849,2840283.0,1401839,0.0085810612237032721,painted,13701711,1274393.0,115692,0.0077852484843623443,bathroom-s,9423522,670052.0,106515,0.010665301967275852,gauzy,1659970,58468.0,8391,0.0049068826763241013,torso,7789829,891904.0,130012,0.015203021707560384
112,color,white-c,0.023092072222095972,sky,37221416,1706358.0,594519,0.015509222997107863,white-c,73689572,2755485.0,1725431,0.023092072222095972,glass,2286730,989476.0,24648,0.0075803660891178935,street-s,28615329,991220.0,275557,0.0093947385073099472,chequered,1557818,67412.0,10564,0.0065425295386166548,pane,489020,1055517.0,6183,0.0040192309442430027
148,texture,dotted,0.023074215415295793,bed,6001986,1024552.0,63210,0.0090775560191908231,red-c,21346526,2143824.0,89585,0.0038282936476649373,food,1124215,804428.0,22203,0.011646314596840185,water_tower-s,280918,458346.0,6295,0.0085883577613787218,dotted,2987946,278953.0,73681,0.023074215415295793,body,1312994,702299.0,18674,0.0093528109268718775
163,object,bird,0.022951488924472199,bird,1046893,1629233.0,60043,0.022951488924472199,black-c,142117568,2798321.0,898100,0.0062360351886807542,fabric,8700788,1088325.0,31888,0.0032681423253025322,lighthouse-s,600143,630523.0,14390,0.01183119620875525,potholed,1608894,46942.0,4109,0.0024876992384334699,head,5034747,1170595.0,107531,0.01763436092066481
169,object,airplane,0.022949640092110934,airplane,1310659,1322263.0,59069,0.022949640092110934,red-c,21346526,2380802.0,121962,0.0051667065869684036,fabric,8700788,794039.0,44126,0.0046690716381779509,moon_bounce-s,140459,652446.0,3882,0.0049200086689488139,striped,2477186,175174.0,48486,0.01862071667062231,body,1312994,881517.0,46985,0.02187866409999227
5,color,white-c,0.022939110159152201,dog,3854036,1734623.0,108547,0.019807441891698564,white-c,73689572,3250518.0,1725359,0.022939110159152201,carpet,4490516,1398062.0,44352,0.0075890288979242075,bedroom-s,19511032,783168.0,121077,0.0060018966820357955,freckled,1583356,133080.0,9253,0.0054200399137057948,torso,7789829,1243109.0,152773,0.017203847000590643
183,material,food,0.022608485918617641,sheep,824399,1958255.0,59073,0.021689459575463334,orange-c,30864899,3286463.0,357774,0.0105870379907573,food,1124215,1122870.0,49680,0.022608485918617641,coast-s,1123672,926873.0,14443,0.0070934560252875348,freckled,1583356,290510.0,31624,0.017166040075082427,torso,7789829,1226638.0,186352,0.021104141905286623
253,object,track,0.022578673296514237,track,499164,1990042.0,54962,0.022578673296514237,black-c,142117568,3824970.0,814997,0.0056157294086585539,carpet,4490516,1288239.0,48914,0.0085367115771624383,staircase-s,881061,1162619.0,17642,0.0087076352960803304,striped,2477186,305164.0,47950,0.017535839672322997,coach,701489,1075080.0,10250,0.0058030287847212194
52,object,sky,0.02229496205416209,sky,37221416,1782539.0,850627,0.02229496205416209,white-c,73689572,2684371.0,787253,0.01041523315811289,glass,2286730,804537.0,14637,0.0047574781497937675,skyscraper-s,4481919,1074384.0,65300,0.011892180718167519,polka-dotted,1736584,25656.0,3363,0.0019120154507677341,shade,200733,881368.0,5220,0.0048473322493385994
180,texture,spiralled,0.021705966047599626,bicycle,1169902,1333978.0,28003,0.011310335691151054,black-c,142117568,3026487.0,634818,0.004392923339564792,food,1124215,1254027.0,19306,0.0081841982995723497,corridor-s,1557818,568275.0,11626,0.0054983123406513318,spiralled,1634432,314466.0,41404,0.021705966047599626,wheel,1540612,931714.0,49344,0.020364988266524473
134,object,house,0.021470271047756093,house,1865979,1287170.0,66276,0.021470271047756093,brown-c,185306464,2362413.0,807300,0.0043203103225442647,glass,2286730,1109519.0,12651,0.0037389193397087952,conference_room-s,2349496,1005890.0,35217,0.010606990186342924,interlaced,1659970,2708.0,1116,0.0006716571515236867,door frame,225659,813150.0,7459,0.007232268386095894
228,object,airplane,0.021446591655451711,airplane,1310659,1322282.0,55282,0.021446591655451711,white-c,73689572,2364339.0,283864,0.0037463880680976744,ceramic,691369,907180.0,12368,0.0077973446914318097,conference_room-s,2349496,685606.0,19580,0.0064930715146498683,freckled,1583356,56228.0,10219,0.0062717684496721117,body,1312994,860573.0,31485,0.014698316871156194
9,texture,freckled,0.020905732258188352,curtain,3163657,1213077.0,35467,0.0081697347801920495,yellow-c,34739742,3103823.0,438909,0.011734073961273699,painted,13701711,1616304.0,215559,0.014273108956582957,bedroom-s,19511032,753745.0,182089,0.0090669635459157665,freckled,1583356,92033.0,34308,0.020905732258188352,head,5034747,829252.0,47998,0.0082527496126634098
82,texture,bumpy,0.020590667042578333,bed,6001986,1263044.0,95504,0.013320824835560956,purple-c,11026903,2782202.0,189294,0.013898430749149163,food,1124215,1130959.0,36526,0.01646317937771111,hotel_room-s,2247344,529692.0,27302,0.0099289604012606312,bumpy,2119654,457762.0,52000,0.020590667042578333,muzzle,678509,879901.0,26817,0.017509220791685518
205,object,building,0.020550982884585581,building,35808068,1840616.0,758137,0.020550982884585581,black-c,142117568,2610632.0,680486,0.0047240319273654007,glass,2286730,610509.0,7064,0.0024441426557215394,building_facade-s,3205019,1205895.0,68258,0.015718030624576298,striped,2477186,57243.0,14470,0.0057421569160450627,coach,701489,1071308.0,22715,0.012979391822783161
29,texture,pleated,0.020544058113578751,horse,1249989,1005743.0,25950,0.011637908997381806,red-c,21346526,2543978.0,244192,0.010326853506796324,fabric,8700788,1218728.0,132382,0.013526125217045153,car_interior-backseat-s,165997,385767.0,5015,0.009172399035023383,pleated,1532280,221030.0,35295,0.020544058113578751,torso,7789829,777572.0,139438,0.016544685827405745
95,texture,smeared,0.020486869289909813,dog,3854036,1650060.0,52898,0.009703921963575713,brown-c,185306464,3235406.0,1361617,0.0072743624296736044,food,1124215,1362823.0,41774,0.017083635959143879,bakery-shop-s,727833,772821.0,18484,0.012470904147297544,smeared,1902581,268265.0,43581,0.020486869289909813,hair,1180293,978578.0,42898,0.020273415587060892
202,part,head,0.020243877304510445,house,1865979,1648154.0,61529,0.017821041741248055,red-c,21346526,2558606.0,115590,0.0048588577283244878,food,1124215,795553.0,7720,0.0040375555425386806,building_facade-s,3205019,877528.0,39696,0.0098188135056176944,freckled,1583356,121028.0,27779,0.01656860142967485,head,5034747,1004454.0,119831,0.020243877304510445
123,texture,zigzagged,0.020108718852881863,pottedplant,938227,1667127.0,31564,0.012263626791618586,green-c,64303167,2970082.0,703416,0.010566588021934801,fabric,8700788,987352.0,49168,0.005100958898936526,mountain_snowy-s,1825967,773739.0,18615,0.007212066525356913,zigzagged,1647201,336177.0,39097,0.020108718852881863,body,1312994,1031007.0,14382,0.0061735416821377233
50,object,tree,0.019834145957152126,tree,21530467,2313701.0,463731,0.019834145957152126,green-c,64303167,3569227.0,956215,0.014289742993245326,food,1124215,884773.0,14248,0.0071427855259332046,forest-broadleaf-s,1238593,1044607.0,21595,0.0095485285892098759,scaly,1596125,408908.0,29241,0.014799634779369488,wheel,1540612,1210060.0,13992,0.0051127643714281535
26,object,horse,0.019805059319129691,horse,1249989,937243.0,42477,0.019805059319129691,red-c,21346526,2334566.0,276015,0.011792954152639618,wood,9978559,1318988.0,94758,0.0084584294143181665,inn-indoor-s,229842,445198.0,4993,0.0074517160736485653,waffled,1583356,61899.0,8019,0.0048978888810165423,ear,797925,635301.0,14349,0.01011292733619616
195,part,pot,0.019619213398085252,toilet,315709,840434.0,16712,0.014666969741915043,orange-c,30864899,2077129.0,149434,0.0045569435586583973,metal,3525611,1133554.0,75808,0.016539841866998358,bathroom-s,9423522,497148.0,76925,0.0078146071439274389,pleated,1532280,26472.0,2427,0.0015594429184135705,pot,428835,561098.0,19048,0.019619213398085252
182,object,bus,0.0195377959180255,bus,1654056,1267505.0,55987,0.0195377959180255,black-c,142117568,2293932.0,803747,0.0055968217816206624,glass,2286730,1065973.0,16519,0.0049514655066986712,office-s,1570587,715023.0,15134,0.006665562639728409,perforated,1825967,5156.0,1282,0.00070060732052675619,body,1312994,830202.0,12630,0.0059280022303932383
167,part,wheel,0.01943531239879167,bicycle,1169902,1515702.0,45753,0.017331660006568553,orange-c,30864899,2784438.0,139024,0.0041486929710265611,fabric,8700788,904519.0,41304,0.0043186937519781206,escalator-indoor-s,178766,718346.0,6851,0.0076954960399253699,striped,2477186,270339.0,41056,0.015169580734159527,wheel,1540612,920890.0,46928,0.01943531239879167
162,object,sheep,0.018914165712514357,sheep,824399,1450172.0,42223,0.018914165712514357,white-c,73689572,2651369.0,666955,0.0088135307158261761,fabric,8700788,1103601.0,96631,0.0099539976171635104,bedroom-s,19511032,602663.0,100032,0.0049981854895827914,polka-dotted,1736584,110014.0,21268,0.011651591766968165,head,5034747,1067586.0,100135,0.016683055107478958
8,object,car,0.018908557993996475,car,5435238,1767610.0,133668,0.018908557993996475,white-c,73689572,2728804.0,847885,0.011219789481055509,granite,1341251,825520.0,8127,0.0037648634976401854,harbor-s,306456,1006058.0,16366,0.012626644488129442,stratified,1596125,86038.0,7215,0.0043075964149334785,muzzle,678509,1090922.0,10379,0.005900337227097323
138,object,car,0.018897840051361643,car,5435238,1712689.0,132575,0.018897840051361643,red-c,21346526,3015756.0,329647,0.013716639894044078,paper,478211,1272784.0,5884,0.0033717052955370749,cockpit-s,549067,709641.0,7351,0.0058744227266879076,dotted,2987946,50901.0,11317,0.0037380306718678264,muzzle,678509,1273070.0,21962,0.011381533226541847
186,object,car,0.018516831514374638,car,5435238,1172393.0,120128,0.018516831514374638,yellow-c,34739742,2037326.0,110016,0.0030004048321092191,food,1124215,847612.0,8966,0.0045678221738574458,office-s,1570587,622687.0,13043,0.0059823936087506323,stratified,1596125,46927.0,6093,0.0037221457593012409,body,1312994,749615.0,20417,0.0099975908239773731
135,object,pole,0.018503148535054161,pole,445209,1578350.0,36762,0.018503148535054161,blue-c,62464739,2730442.0,288321,0.004442072840990921,metal,3525611,923312.0,19945,0.0045032962457704686,roundabout-s,727833,819758.0,9876,0.0064225165261443118,grid,1712438,105722.0,19591,0.0108925484649185,pane,489020,831749.0,3324,0.002523065479014304
103,part,screen,0.018454291611673463,pool table,443452,1421372.0,29242,0.015930642161450702,blue-c,62464739,2686345.0,979574,0.015264936106381166,metal,3525611,1055138.0,34956,0.0076897474214070024,poolroom-home-s,1340745,792428.0,21948,0.010395860223330057,bubbly,1545049,46781.0,7506,0.0047376672953259556,screen,689450,832247.0,27573,0.018454291611673463
232,object,car,0.018349787099540871,car,5435238,1311255.0,121566,0.018349787099540871,red-c,21346526,2338642.0,111759,0.0047408925879154767,fabric,8700788,1002450.0,50442,0.0052256361783673873,dining_room-s,5797126,707037.0,46527,0.0072049585947551089,interlaced,1659970,29964.0,2988,0.0017712481608777044,back,604519,875016.0,8171,0.0055533504965460624
49,object,dog,0.01807968941003478,dog,3854036,1219613.0,90101,0.01807968941003478,orange-c,30864899,2710691.0,338323,0.010179025850711492,food,1124215,1427577.0,15577,0.0061418294584646808,bar-s,778909,503141.0,9330,0.0073307561757495754,studded,1621663,94418.0,10304,0.0060406489242145955,head,5034747,873859.0,103317,0.017797046796464395
34,texture,grid,0.017859659819125257,sky,37221416,1637655.0,569875,0.014883441271527352,white-c,73689572,2993517.0,975213,0.012881262182021855,painted,13701711,970824.0,64950,0.0044463201822888586,highway-s,4149925,875302.0,37876,0.0075944123443487336,grid,1712438,150691.0,32691,0.017859659819125257,drawer,550426,1028862.0,18376,0.011772604733642895
122,material,painted,0.017786764359970165,ceiling,12335942,1244375.0,228825,0.017138534030503857,orange-c,30864899,3301434.0,564110,0.016787877397278151,painted,13701711,1896949.0,272601,0.017786764359970165,conference_room-s,2349496,812521.0,28013,0.0089384059497052328,freckled,1583356,33872.0,4862,0.0030154443842154944,arm,2339418,843593.0,25916,0.0082088122150267891
150,object,bed,0.017668734099524571,bed,6001986,1197485.0,124997,0.017668734099524571,red-c,21346526,2229336.0,94055,0.0040054413188899815,carpet,4490516,1027349.0,66818,0.012257828633655149,bedroom-s,19511032,677404.0,199605,0.0099858265848563124,swirly,1634432,24804.0,1592,0.00096039921720224612,neck,827257,870031.0,23229,0.013875855032588457
19,object,car,0.017652811319595767,car,5435238,1258064.0,116106,0.017652811319595767,white-c,73689572,2988432.0,638768,0.008400505233903191,ceramic,691369,1400374.0,34412,0.016726525775385682,bathroom-s,9423522,746545.0,110561,0.010990698748029973,zigzagged,1647201,43169.0,7052,0.0041893450910641958,body,1312994,917488.0,14160,0.0063889633365548865
115,object,cabinet,0.017310227452835173,cabinet,5413623,1056291.0,110090,0.017310227452835173,brown-c,185306464,3242845.0,1612809,0.0086275767439745587,wood,9978559,1929326.0,164027,0.01396704558246532,kitchen-s,9168142,711541.0,133612,0.013709319375982383,grooved,1532280,10509.0,1565,0.001015426699817807,headboard,509067,761617.0,5000,0.0039504331254878785
255,object,track,0.017176071779568682,track,499164,1977557.0,41822,0.017176071779568682,black-c,142117568,3814330.0,758351,0.0052237547106292028,metal,3525611,1361671.0,34834,0.0071786446758419671,airport_terminal-s,1506742,1178544.0,19029,0.0071369714172339728,striped,2477186,217712.0,25967,0.0097293635541720637,coach,701489,1115885.0,11183,0.0061914825176296413
110,texture,studded,0.016420828233529961,ceiling,12335942,1152198.0,132488,0.0099199949205025714,black-c,142117568,2695979.0,1719026,0.012013220268580375,metal,3525611,1310577.0,54627,0.011424511786004612,limousine_interior-s,127690,486955.0,4462,0.0073125603302615768,studded,1621663,108146.0,27946,0.016420828233529961,screen,689450,784376.0,12317,0.0084275909351225337
114,part,head,0.016075628416415282,dog,3854036,1324960.0,75466,0.014787019964612728,pink-c,18799488,2613868.0,107242,0.0050333908848887226,carpet,4490516,1295069.0,31127,0.0054091975299845789,dining_room-s,5797126,604990.0,58299,0.009189893088025711,freckled,1583356,70124.0,7116,0.0043222519442844961,head,5034747,942262.0,94564,0.016075628416415282
126,object,person,0.016041568370040889,person,14745720,1383503.0,254653,0.016041568370040889,white-c,73689572,2835649.0,1071394,0.014199332791960307,fabric,8700788,1357129.0,123250,0.012406052462553602,art_studio-s,1251362,692998.0,10192,0.0052694491895223169,frilly,1647201,97077.0,17679,0.010239204354919701,arm,2339418,1027176.0,53053,0.016010968326633047
173,scene,skyscraper-s,0.016032324102842659,cat,4228548,1793798.0,74135,0.012463411267690403,blue-c,62464739,3014246.0,352351,0.0054102442942160957,painted,13701711,947400.0,61993,0.004249845651485098,skyscraper-s,4481919,875211.0,84532,0.016032324102842659,matted,1621663,234390.0,16419,0.0089251448929515333,torso,7789829,1064434.0,97538,0.011138639160188313
146,part,ear,0.016026154705158561,cat,4228548,1192613.0,57662,0.010750817703144906,orange-c,30864899,2362193.0,116214,0.0035098435021868042,wood,9978559,1071855.0,63668,0.00579498242700796,skyscraper-s,4481919,700492.0,39650,0.0077098663538904492,chequered,1557818,38263.0,4655,0.0029250496095954196,ear,797925,774282.0,24799,0.016026154705158561
89,object,painting,0.015724011656550917,painting,2243633,1100360.0,51767,0.015724011656550917,brown-c,185306464,1992727.0,734018,0.0039343784705197895,glass,2286730,838046.0,9470,0.0030398297952111287,living_room-s,9793823,636863.0,59995,0.0057850532814062248,braided,1596125,31920.0,3018,0.0018571999111399379,wheel,1540612,734487.0,17508,0.0077551691161065047
46,part,wheel,0.015677250208520618,cat,4228548,1205451.0,79020,0.01475636038908836,white-c,73689572,2322072.0,473081,0.0062627746837069171,metal,3525611,975527.0,33615,0.0075243037360971619,waterfall-block-s,331994,520463.0,4717,0.0055642060065586143,crystalline,1557818,84859.0,7934,0.0048533622716231233,wheel,1540612,838809.0,36727,0.015677250208520618
70,material,painted,0.015646822760801565,wall,49711970,1359813.0,624732,0.012383915166815201,yellow-c,34739742,3083326.0,393797,0.010521097244987752,painted,13701711,1719263.0,237572,0.015646822760801565,waiting_room-s,1353514,902785.0,27323,0.012258095197077044,meshed,1787660,5542.0,1350,0.00075341043791563142,top,389265,915497.0,4040,0.0031059673012373127
68,color,blue-c,0.015421839326337044,car,5435238,1545576.0,89482,0.012984717613372858,blue-c,62464739,2847674.0,991940,0.015421839326337044,plastic-opaque,588126,1238228.0,11648,0.0064186705725335124,airport_terminal-s,1506742,732083.0,13087,0.0058798474932808802,dotted,2987946,60238.0,17311,0.0057115557134858504,screen,689450,1096650.0,17134,0.0096858842962499001
178,part,head,0.015325853258415834,cat,4228548,1601023.0,81380,0.014157497550098805,brown-c,185306464,3159814.0,805286,0.0042911741615433855,wood,9978559,1163388.0,53276,0.0048045433037015887,corridor-s,1557818,790891.0,20018,0.0085962457019845059,veined,1838736,246812.0,28965,0.014084041344307524,head,5034747,1052894.0,91890,0.015325853258415834
192,material,carpet,0.015202577000184934,floor,20690801,1524293.0,298239,0.013607746184386401,black-c,142117568,2962326.0,577512,0.0039965569564105871,carpet,4490516,1020966.0,82534,0.015202577000184934,corridor-s,1557818,731364.0,23151,0.010216541609536674,freckled,1583356,250311.0,21744,0.012000509955445127,head,5034747,930493.0,30372,0.0051175527408528713
235,object,airplane,0.0151346213867303,airplane,1310659,1496240.0,41848,0.0151346213867303,blue-c,62464739,2206593.0,309319,0.00480592488615917,painted,13701711,595094.0,37526,0.0026316898631410465,bridge-s,651219,749378.0,11411,0.0082141628262881999,pleated,1532280,29469.0,4997,0.0032098882802141897,wing,328483,843302.0,12474,0.010759839249347241
100,color,green-c,0.015128002749001657,grass,13100838,1835571.0,182199,0.012348949892945811,green-c,64303167,3462587.0,1009883,0.015128002749001657,metal,3525611,1246656.0,60619,0.012865774353262383,subway_station-corridor-s,191535,539437.0,5882,0.008112096429408763,cobwebbed,1532280,260116.0,23992,0.013567035586890779,screen,689450,1409979.0,17541,0.0084255252924268741
125,object,airplane,0.014903174064255171,airplane,1310659,1107633.0,35511,0.014903174064255171,yellow-c,34739742,3106156.0,385608,0.010293780427220399,painted,13701711,1785538.0,141788,0.0092397354501112736,living_room-s,9793823,610551.0,78939,0.0076451016349432252,honeycombed,1583356,69586.0,8383,0.0050974151733078595,body,1312994,779277.0,27294,0.013217580631648683
92,texture,meshed,0.014542877773993676,bus,1654056,1763638.0,43732,0.012961616046653756,blue-c,62464739,2968971.0,784321,0.012131916668230229,glass,2286730,1071860.0,22438,0.0067257127373093317,building_facade-s,3205019,1054002.0,40902,0.0096967392337674683,meshed,1787660,169518.0,28055,0.014542877773993676,pane,489020,1073815.0,10000,0.0064398342386666968
254,part,body,0.014193374715988296,bottle,954397,1488545.0,32277,0.013389251513586499,black-c,142117568,2481324.0,681924,0.0047383154986978329,metal,3525611,921606.0,21152,0.0047789628033027077,lighthouse-s,600143,825590.0,16017,0.011361862956794134,studded,1621663,34565.0,2613,0.0015801743452980288,body,1312994,902338.0,31003,0.014193374715988296
72,color,yellow-c,0.014061488245865748,motorbike,1463055,1581004.0,39208,0.013048234338408127,yellow-c,34739742,3202841.0,526131,0.014061488245865748,food,1124215,1424540.0,17055,0.0067365801635264838,ball_pit-s,280918,721776.0,11216,0.011312404309525778,dotted,2987946,149943.0,43411,0.014028537284802155,wheel,1540612,1145235.0,28363,0.010672877052129007
102,object,bed,0.013982407846579163,bed,6001986,1546676.0,104093,0.013982407846579163,white-c,73689572,2822258.0,677873,0.008938911100208051,fabric,8700788,1138778.0,121854,0.012539371407590594,mountain_snowy-s,1825967,697634.0,30545,0.012252031241977717,potholed,1608894,138461.0,12141,0.0069968315147295951,torso,7789829,1053084.0,85653,0.0097807990170441436
27,material,metal,0.013384407754271381,floor,20690801,1554976.0,267238,0.01215904296459378,white-c,73689572,3442457.0,702496,0.0091914208084982012,metal,3525611,1624669.0,68023,0.013384407754271381,corridor-s,1557818,833117.0,23096,0.0097540415543455449,studded,1621663,109886.0,12020,0.0069902862935140959,screen,689450,948258.0,16531,0.010196912490122917
38,part,body,0.01311262052320066,windowpane,8991243,1457391.0,130750,0.012672171929825922,white-c,73689572,2725488.0,972397,0.012889218929082607,glass,2286730,822909.0,37776,0.012297423420250187,street-s,28615329,812504.0,203007,0.0069463886628443909,cracked,1621663,318599.0,18704,0.0097337681194114359,body,1312994,955353.0,29359,0.01311262052320066
247,texture,studded,0.013093099559691047,curtain,3163657,1185470.0,53662,0.01249271033520236,yellow-c,34739742,2923379.0,152615,0.0040685934761850451,painted,13701711,1354454.0,98319,0.0065730720853791379,skyscraper-s,4481919,697258.0,51694,0.010081749661578595,studded,1621663,166112.0,23105,0.013093099559691047,body,1312994,751974.0,9061,0.0044073005247805466
88,object,bed,0.012863989300858927,bed,6001986,1220030.0,91724,0.012863989300858927,grey-c,161925849,2590200.0,1253413,0.0076772801830787543,fabric,8700788,1213630.0,60949,0.0061855372965602265,bedroom-s,19511032,620358.0,159050,0.0079635135392247484,stained,1723815,115802.0,10938,0.0059813668774016653,muzzle,678509,905541.0,10900,0.0069287734799605887
225,object,car,0.012678404376859994,car,5435238,1374843.0,85260,0.012678404376859994,red-c,21346526,2570316.0,90472,0.0037971373734228086,carpet,4490516,997846.0,30527,0.005593243474747771,poolroom-home-s,1340745,762655.0,19436,0.009326456695029281,veined,1838736,88947.0,6749,0.003513395046368069,roof,451342,852578.0,11826,0.0091525848738559269
133,part,leg,0.012663386495984646,bicycle,1169902,1513832.0,32378,0.012211864419564933,black-c,142117568,2499050.0,521239,0.0036173193312465626,carpet,4490516,840385.0,30209,0.0056990672161295166,poolroom-home-s,1340745,637664.0,12773,0.0064981512345113745,cracked,1621663,112140.0,13754,0.0079962838267979581,leg,2832633,1033811.0,48350,0.012663386495984646
124,object,grass,0.012504759474499047,grass,13100838,1266723.0,177444,0.012504759474499047,green-c,64303167,2306651.0,351146,0.0052996232704452632,metal,3525611,913592.0,25073,0.0056801680059264227,ball_pit-s,280918,582069.0,4948,0.0057666376470067214,zigzagged,1647201,120232.0,12436,0.0070860519989492856,hair,1180293,895119.0,22797,0.011106320474126907
241,object,boat,0.01181377800462545,boat,1263898,1442031.0,31594,0.01181377800462545,red-c,21346526,2501371.0,91055,0.0038327905703965199,glass,2286730,1102052.0,10631,0.0031469878048672188,bar-s,778909,892107.0,13207,0.0079665389679993287,stratified,1596125,1663.0,414,0.00025917537157860339,pot,428835,819018.0,5727,0.0046106433646828102
147,object,door,0.011517722893589103,door,5844656,1198199.0,80194,0.011517722893589103,brown-c,185306464,3065815.0,923398,0.0049261323677893811,wood,9978559,1695393.0,87702,0.0075694896968389255,kitchen-s,9168142,840437.0,105553,0.010658661302111093,zigzagged,1647201,20021.0,3388,0.0020362608289048066,footboard,372828,815282.0,9472,0.0080363945503199464
159,texture,spiralled,0.011402949446959047,bed,6001986,1284396.0,76986,0.010678564473362262,red-c,21346526,2597167.0,112852,0.0047355441631287791,carpet,4490516,968671.0,54020,0.0099941407915796129,geodesic_dome-outdoor-s,255380,664800.0,6163,0.0067427629901850843,spiralled,1634432,295961.0,21764,0.011402949446959047,torso,7789829,830344.0,92454,0.010841586126372128
224,part,head,0.011289405800719523,bird,1046893,1304319.0,23646,0.010159110418351188,black-c,142117568,2466660.0,696773,0.0048424860944270643,metal,3525611,1093836.0,19974,0.0043426714321401607,lighthouse-s,600143,584936.0,9524,0.0081017051520345714,freckled,1583356,39859.0,3462,0.0021373629189141803,head,5034747,891685.0,66159,0.011289405800719523
143,texture,meshed,0.011279546365722377,bicycle,1169902,1161355.0,22568,0.0097752447384641238,black-c,142117568,2111809.0,449121,0.0031236625423729943,metal,3525611,740211.0,28280,0.0066736801664738664,windmill-s,255380,556982.0,5080,0.0062927205115436737,meshed,1787660,109193.0,21157,0.011279546365722377,wing,328483,712877.0,8458,0.0081885793618368449
233,object,floor,0.011090965464250403,floor,20690801,1281967.0,241026,0.011090965464250403,brown-c,185306464,2297127.0,634108,0.0033915053399382828,carpet,4490516,869724.0,51725,0.0097437795692392314,bedroom-s,19511032,795262.0,133328,0.0066092412984783697,porous,1889812,63563.0,8043,0.0041345127721129351,footboard,372828,761969.0,4296,0.0038000850950153956
243,object,car,0.010977713550351383,car,5435238,1439553.0,74650,0.010977713550351383,black-c,142117568,2680465.0,532828,0.0036933923186814174,metal,3525611,1047964.0,28273,0.0062202687522193243,poolroom-home-s,1340745,688538.0,13874,0.0068839625108352695,spiralled,1634432,122931.0,13028,0.0074687488355161136,body,1312994,935394.0,16011,0.0071721756674611864
41,object,mountain,0.010906656299943846,mountain,5559015,1462035.0,75750,0.010906656299943846,black-c,142117568,2574566.0,732482,0.0050881062146496438,carpet,4490516,981085.0,30337,0.0055753589607120697,mountain-s,1187517,802976.0,15521,0.0078588455937603167,dotted,2987946,128930.0,16781,0.005413059922357218,roof,451342,895157.0,9680,0.0072410700326671004
215,object,floor,0.010493864754255348,floor,20690801,1310401.0,228480,0.010493864754255348,grey-c,161925849,2391405.0,553400,0.0033792560841905931,carpet,4490516,870384.0,44432,0.0083574282775707477,waiting_room-s,1353514,602964.0,9311,0.0047818189194866181,dotted,2987946,138976.0,16552,0.0053215533843240514,wheel,1540612,882470.0,9624,0.0039876393125548486
217,part,ear,0.010028381989161297,dog,3854036,1265481.0,43460,0.0085617635893371572,black-c,142117568,2542648.0,536286,0.0037210059425939884,fabric,8700788,1051737.0,56517,0.0058288937055332463,control_tower-outdoor-s,280918,523009.0,4580,0.0057296768487277742,freckled,1583356,139581.0,12267,0.0071708745696130753,ear,797925,903487.0,16893,0.010028381989161297
11,object,car,0.0099961185575223564,car,5435238,1397917.0,67629,0.0099961185575223564,white-c,73689572,2622076.0,537370,0.0070917204912199893,granite,1341251,1115226.0,10305,0.0042127045849596843,conference_room-s,2349496,750576.0,23432,0.0076161006812626763,dotted,2987946,76689.0,24440,0.008038958027363376,muzzle,678509,989996.0,10943,0.0066018646662990583
90,scene,bathroom-s,0.0096547592759805064,dog,3854036,1248767.0,40347,0.0079698470465718613,grey-c,161925849,2908570.0,1349231,0.008252925029513988,fabric,8700788,1404818.0,60407,0.006013519493242493,bathroom-s,9423522,736232.0,97152,0.0096547592759805064,gauzy,1659970,69188.0,7555,0.0043883520184386298,torso,7789829,893217.0,52490,0.0060818793134532704
219,scene,tower-s,0.0095648890676428826,mountain,5559015,1400346.0,35753,0.0051639260917140314,blue-c,62464739,2328934.0,262262,0.0040640983349953409,carpet,4490516,751803.0,23147,0.004434994669652581,tower-s,497991,731972.0,11653,0.0095648890676428826,frilly,1647201,122273.0,9802,0.0055703562936729118,body,1312994,807902.0,9415,0.0044589555861501949
236,texture,pleated,0.0093680838816605633,fence,2262283,1079162.0,18525,0.0055749160377017801,red-c,21346526,1968025.0,77297,0.00332642574720748,metal,3525611,765171.0,19271,0.0045115182894296659,laundromat-s,370301,568728.0,6927,0.0074315901049455957,pleated,1532280,94999.0,15103,0.0093680838816605633,roof,451342,595688.0,5543,0.005322197972706332
208,texture,freckled,0.0088227227926127218,chair,4705126,1275995.0,46327,0.0078059996690702325,black-c,142117568,2961106.0,596992,0.0041319563264774284,fabric,8700788,1378091.0,48415,0.0048267956497326549,bathroom-s,9423522,636469.0,56764,0.0056745688166428693,freckled,1583356,101384.0,14734,0.0088227227926127218,back,604519,824101.0,7743,0.0054494512895908653
24,scene,building_facade-s,0.0084880304623357796,table,4870973,1439644.0,50476,0.0080630771735013644,orange-c,30864899,2622620.0,164487,0.004936135463303579,food,1124215,1131918.0,14585,0.0065066641446000712,building_facade-s,3205019,936682.0,34859,0.0084880304623357796,interlaced,1659970,115019.0,10188,0.0057728888412914544,hand,405864,762186.0,6809,0.0058635545937492737
200,object,table,0.0082824422031072611,table,4870973,990071.0,48145,0.0082824422031072611,orange-c,30864899,2064578.0,134033,0.0040869396371032516,food,1124215,1091691.0,8647,0.0039175284821581884,office-s,1570587,566976.0,14127,0.0066528965318474395,interlaced,1659970,13744.0,2496,0.0014935214915109819,top,389265,674060.0,7823,0.0074116392010626225
216,part,footboard,0.0080898687615932677,bed,6001986,1093265.0,53097,0.0075398805535919836,orange-c,30864899,2297115.0,134606,0.0040755847385904459,wood,9978559,1098582.0,54876,0.0049786500324570312,galley-s,408608,701945.0,5851,0.0052964509885923983,interlaced,1659970,24125.0,2792,0.0016606167954259286,footboard,372828,683129.0,8474,0.0080898687615932677
181,object,bed,0.0077503891855703446,bed,6001986,1286479.0,56054,0.0077503891855703446,black-c,142117568,2317374.0,486016,0.0033763086221289349,carpet,4490516,834374.0,28013,0.0052885879736305,corridor-s,1557818,717048.0,16615,0.0073574638071675826,braided,1596125,148369.0,10215,0.0058900557522751527,wheel,1540612,797767.0,7752,0.0033261435656585115
152,object,curtain,0.0075792197659115953,curtain,3163657,1159808.0,32522,0.0075792197659115953,white-c,73689572,2721174.0,315275,0.0041431506482166331,painted,13701711,1226661.0,59851,0.0040253499322494817,bathroom-s,9423522,615964.0,58139,0.005824764934031449,freckled,1583356,118650.0,11855,0.0070141661898848089,body,1312994,758654.0,12255,0.0059507825849655699
